batch,3lanahdw - Epoch-avg,1ife0qil - Epoch-avg,tfvtshog - Epoch-avg,433ue2xx - Epoch-avg,e0dedoks - Epoch-avg,2lfb1f90 - Epoch-avg,mdpd09s2 - Epoch-avg,3f1szh6n - Epoch-avg,2o0lr4zq - Epoch-avg,73as3he7 - Epoch-avg,3sjxadky - Epoch-avg,1ygq8soq - Epoch-avg,3gz7izya - Epoch-avg,1u3xq86f - Epoch-avg,9pdaam52 - Epoch-avg,1eu9086i - Epoch-avg,38qfqzgl - Epoch-avg,gisbw50a - Epoch-avg,1ueeneqe - Epoch-avg,2vzwcwtv - Epoch-avg,3olusoh7 - Epoch-avg,hcvf3a5h - Epoch-avg,l0xvi90b - Epoch-avg,2pzhu18n - Epoch-avg
0,-1066.513965,-1225.670609,-1399.339382,-1269.59044,-1124.364614,-1370.454374,-1278.952026,-1222.357283,-1140.365905,-1292.968068,-1271.266414,-1085.152382,-1333.243769,-1211.904572,-1217.020254,-1223.282993,-1118.367612,-1287.88694,-1225.102316,-990.7253437,-1017.188444,-1394.608343,-1287.957721,-1222.240874
1,-1427.267943,-1312.953868,-1361.581074,-1290.919435,-1403.348368,-1462.31205,-1273.7136,-1311.541324,-1213.37099,-1328.019649,-1233.633519,-1260.190834,-1259.693244,-1397.914189,-1206.16771,-1624.849053,-1152.391949,-1379.295081,-1319.930265,-1200.112885,-1006.301709,-1246.3398,-1308.755994,-1250.85083
2,-1253.268651,-1390.028385,-1416.49744,-1244.296942,-1304.651928,-1419.853983,-1312.907022,-1326.286869,-1352.867144,-1461.252195,-1254.020324,-1327.270432,-1346.120589,-1479.831563,-1278.124164,-1112.276395,-1356.177554,-1458.505815,-1325.338701,-1267.935351,-1432.53799,-1378.958311,-1503.66,-1470.276316
3,-1392.561384,-1225.850324,-1433.500393,-1267.115023,-1280.013478,-1360.669283,-1348.733996,-1366.457393,-1376.232952,-1294.223209,-1241.538037,-1344.469261,-1329.22022,-1370.764497,-1419.053678,-1290.752916,-1430.140598,-1428.971684,-1396.504638,-1166.559034,-1371.301357,-1302.360499,-1368.612749,-1373.318469
4,-1396.389205,-1294.22674,-1256.35163,-1358.856922,-1391.798904,-1408.773004,-1388.513207,-1439.584357,-1409.202616,-1301.827057,-1148.230298,-1397.379983,-1252.667402,-1242.695677,-1390.519108,-1485.485674,-1394.714906,-1378.826583,-1264.45124,-1332.181221,-1308.588789,-1449.639179,-1455.155113,-1315.063072
5,-1336.314014,-1335.805364,-1420.958161,-1400.621633,-1363.852727,-1264.897852,-1355.185885,-1446.045445,-1374.996537,-1085.957395,-1273.08656,-1432.178653,-1342.71804,-1477.487446,-1345.463249,-1389.34921,-1387.002802,-1447.508052,-1409.751207,-1272.37809,-1358.462022,-1375.502046,-1472.783638,-1308.620661
6,-1395.072226,-1377.291342,-1549.504487,-1448.815663,-1169.847001,-1388.696642,-1418.027288,-1227.014426,-1404.391558,-1287.123815,-1228.857315,-1232.618647,-1421.901159,-1350.692349,-1414.287893,-1289.838817,-1256.738497,-1317.186135,-1364.071835,-1357.796498,-1334.00061,-1356.091938,-1408.646635,-1324.151136
7,-1398.820617,-1334.35075,-1550.174782,-1412.753558,-1275.83754,-1358.592205,-1324.548269,-1315.96006,-1308.929263,-1276.129166,-1297.622749,-1365.382159,-1380.596749,-1455.658314,-1247.294027,-1309.354611,-1385.43199,-1387.285533,-1167.464765,-1404.241035,-1320.607175,-1395.734357,-1271.873149,-1269.183952
8,-1338.681174,-1266.766607,-1563.402379,-1200.184314,-1218.265379,-1388.24898,-1265.157485,-1328.886489,-1350.746676,-1298.649855,-1000.134015,-1236.030517,-1281.703873,-1389.009964,-1134.706319,-1406.324316,-1358.109277,-1124.731791,-1265.246473,-1399.358274,-1328.526074,-1297.431358,-1103.167558,-1298.948089
9,-1475.234348,-1191.596051,-1479.994667,-1278.070539,-1372.677857,-1308.726528,-1366.427441,-1140.06496,-1374.135765,-1294.49639,-1385.799109,-1326.887792,-1313.281051,-1403.366098,-1180.091416,-1244.198155,-1300.746742,-1377.575843,-1387.113299,-1398.474118,-1271.980296,-1333.329552,-1123.747789,-1238.367795
10,-1293.995481,-1322.031493,-1554.178745,-1271.848871,-1246.064317,-1205.131776,-1219.45956,-1158.073633,-1319.270293,-1196.634685,-1271.253507,-1220.752282,-1359.614235,-1211.819727,-1132.859065,-1227.680122,-1346.46628,-1332.957411,-1175.566949,-1309.055411,-1177.25607,-1161.295423,-1312.0806,-1323.14298
11,-1250.732346,-1159.967684,-1460.809173,-1257.154899,-1305.351732,-1224.032922,-1375.947273,-1193.707355,-927.1704923,-1441.988827,-1159.412324,-1058.482762,-1048.874181,-1156.049099,-1015.37512,-1376.501944,-1294.366276,-1269.680666,-1223.536376,-1144.9109,-1218.407781,-1321.226252,-1113.200757,-1225.583779
12,-1338.001537,-1159.79308,-1469.83076,-1230.474458,-1325.451139,-1142.651183,-1203.734557,-974.2477551,-962.2417057,-1252.713907,-1217.297125,-1289.731626,-1025.234006,-1047.168854,-1283.568364,-1261.551204,-1238.100096,-1132.222431,-1287.913508,-1161.016508,-1287.05652,-1210.420358,-1226.348587,-990.3859751
13,-1268.780629,-1279.108011,-1535.579265,-1196.067155,-1203.477286,-1264.284509,-1221.109674,-1247.11891,-1058.943197,-1160.549218,-1123.149221,-981.7153422,-1070.73492,-1081.379749,-1300.794413,-1157.875179,-1256.116342,-1088.26667,-1188.756088,-1176.095102,-1216.624754,-1152.003463,-1117.73538,-1055.264281
14,-1187.22565,-1271.17008,-1483.88545,-1270.754862,-1107.360633,-1045.748924,-1293.568911,-1207.008048,-1308.969528,-1179.623044,-1301.618547,-1234.240899,-1283.849091,-1177.168525,-1086.273818,-986.8286466,-1236.126383,-1157.483303,-917.1111889,-1143.867935,-1303.252863,-1205.103038,-1303.118155,-1200.723511
15,-1001.84489,-1193.217101,-1519.627928,-1185.954885,-1171.90282,-1168.889917,-1202.007068,-1301.133811,-1152.670863,-1217.339033,-1100.614643,-1105.716608,-1133.395674,-1247.314555,-1263.285309,-1179.951245,-1104.580096,-906.0173602,-1300.109318,-1347.014676,-1284.599488,-1203.329354,-985.1143546,-993.6346211
16,-1188.718458,-1200.609327,-1344.62166,-924.350883,-1169.361981,-1190.958277,-1243.612816,-1002.822583,-1281.956134,-1066.237611,-981.3895635,-1184.333565,-1077.690597,-956.1834987,-1024.812109,-976.4763801,-1305.152724,-1216.293846,-1184.761289,-1048.150759,-1045.855611,-1196.247185,-913.3176246,-1190.129127
17,-1326.238435,-1129.728705,-1437.870318,-985.1531085,-1238.324626,-975.2335949,-945.2759008,-1023.92191,-1115.38401,-1127.608452,-899.3515963,-1090.56703,-1174.328568,-864.7818295,-1148.701214,-1339.556649,-1005.622859,-1158.948925,-1175.496522,-911.9735783,-1213.402503,-1210.781758,-1117.9991,-1174.270376
18,-1123.954591,-1135.600959,-1403.811951,-1137.841106,-1281.550001,-1095.104687,-1193.32246,-1008.921261,-938.732072,-1140.525435,-991.5241872,-1205.234215,-1029.396223,-900.0037035,-929.2846693,-1043.475608,-1202.937797,-1025.69893,-1034.501944,-1313.514729,-1155.945691,-1180.161163,-1145.516236,-1044.681809
19,-1304.49096,-1002.76863,-1505.867948,-903.9623817,-878.7997043,-1019.153911,-1171.358123,-997.5934279,-823.1713704,-1076.64729,-964.2311289,-1029.131152,-1059.225561,-926.3994722,-1115.298678,-1014.514618,-1031.694992,-1051.413473,-976.1161741,-1228.913683,-777.6775412,-1256.917077,-1134.12775,-1038.489693
20,-862.3710831,-879.6864653,-1548.075818,-1213.397816,-1165.446951,-1232.092224,-1127.880552,-1353.296129,-1021.354114,-1168.988427,-761.4743613,-1243.077285,-991.1422704,-843.1600561,-794.9408984,-1065.070869,-998.4269974,-1005.991168,-1135.913038,-1209.504966,-1175.922445,-1041.749276,-917.084166,-1022.575824
21,-1128.516014,-918.0731692,-1382.643888,-814.8657028,-878.7738176,-1112.729498,-1072.662013,-979.7865517,-1243.549174,-1073.074592,-875.3653944,-738.2330311,-1069.73151,-946.8146347,-1012.850333,-1005.78952,-1033.75842,-820.9595727,-1091.114062,-997.301663,-1091.967047,-1157.516832,-975.940864,-1044.479959
22,-1015.657114,-1196.329129,-1411.876751,-834.4302553,-1081.052005,-839.3695467,-1180.201207,-878.9008266,-856.4638714,-806.8400348,-728.0561193,-962.1844822,-961.4099179,-1218.911669,-753.1330502,-894.6020089,-916.7451138,-1087.704485,-833.0879889,-1065.864436,-1168.915502,-1156.70512,-871.7095071,-972.4762075
23,-1143.608069,-1009.783475,-1525.081058,-929.3014148,-1072.695912,-969.3124111,-1107.447913,-811.7562853,-576.995207,-966.5983306,-941.0175669,-784.9254927,-1109.621556,-919.9553934,-1006.187534,-889.7011056,-926.1780738,-862.9215097,-680.8413995,-1061.804265,-884.4886718,-997.0908562,-1005.420345,-944.3662504
24,-1200.50436,-958.0458748,-1397.417213,-811.4868877,-1003.136461,-751.9635515,-969.0937959,-983.51795,-917.6383767,-1026.215631,-696.9012975,-1380.252111,-1096.447092,-877.700735,-1334.467211,-1109.54183,-1041.949055,-708.8581465,-895.9804769,-888.3516509,-978.0317044,-1012.731228,-816.7596968,-667.6931847
25,-1021.465257,-1126.253056,-1499.970657,-1082.936998,-742.9787306,-727.7163284,-1072.892963,-817.2084258,-771.5759398,-700.5705499,-681.042702,-1202.935671,-985.3390424,-758.2083038,-1031.625,-1089.794611,-1187.591445,-730.6366193,-957.4784787,-1110.107096,-1101.482555,-1115.646373,-940.9089412,-953.618974
26,-924.2658482,-785.9505596,-1509.466523,-688.7908799,-796.8491872,-974.4865574,-738.3571877,-963.2613015,-608.5928524,-975.0726068,-470.133864,-1141.860183,-859.5028454,-784.5866968,-920.9351371,-753.0424327,-993.1755004,-1000.802541,-830.1716972,-853.7697442,-1292.165281,-799.3042855,-1063.623181,-684.0945333
27,-740.4039771,-740.5446335,-1591.56119,-965.3569833,-852.9316255,-1168.655437,-722.340135,-928.1144517,-926.2849633,-837.2593522,-195.7020478,-803.4566248,-895.8819854,-1107.286931,-1257.72218,-682.4282035,-762.2504274,-1051.496914,-791.8653608,-966.6582485,-1010.807037,-1029.139881,-974.8087025,-718.7339693
28,-819.3713656,-923.9327989,-1462.294194,-639.3282491,-637.0300079,-851.6141174,-978.6793075,-912.9996659,-670.0285605,-748.1586754,-1065.800067,-727.9104873,-1080.554698,-1183.165461,-770.7719098,-676.8391396,-732.4157092,-1206.830333,-1193.576877,-618.1087851,-1068.032603,-1050.141194,-643.9868737,-860.0093213
29,-748.0741717,-445.1835382,-1434.777424,-839.1844399,-608.4311936,-532.2632062,-893.0153099,-875.2604821,-755.1217532,-737.6660686,-489.801985,-640.5874322,-1006.782784,-812.5073719,-1041.461689,-936.9597018,-638.35848,-606.8014491,-825.5077566,-523.5799054,-1057.864568,-711.4348538,-692.4645674,-843.4281208
30,-808.4941116,-599.6469839,-1411.40775,-967.9634944,-629.6403548,-1036.810836,-709.5331686,-1011.39405,-351.9182081,-772.7398133,-529.1820292,-788.7613554,-1011.456031,-900.6367054,-828.131357,-664.2322573,-699.2131786,-681.8452904,-1099.192545,-664.5685811,-1213.953075,-550.5149849,-773.5717338,-667.056431
31,-559.9240091,-836.2994576,-1491.317764,-1050.678947,-636.0562328,-1114.404857,-874.1158793,-1130.431962,-966.6861864,-1035.627,-328.1051317,-835.6124856,-956.6625782,-939.7873166,-1125.191203,-615.0755421,-929.7867934,-463.5838581,-697.2086885,-438.4016779,-849.886383,-653.8310647,-773.2132953,-1077.808249
32,-743.2741668,-680.0665846,-1426.700849,-1063.122415,-717.6473474,-894.0811867,-638.990714,-944.2784212,-517.4689782,-1050.351873,-556.170013,-1005.641874,-890.6450348,-794.8018322,-1091.108949,-818.7659046,-666.6551126,-718.8280662,-657.3770041,-728.8362747,-819.6498526,-600.3783324,-907.5000552,-695.6042512
33,-756.8987959,-696.4734095,-1489.855907,-1038.889716,-829.2248987,-1059.370854,-515.2515514,-743.8266637,-407.947453,-674.2388156,-490.2441932,-815.1322901,-1030.743706,-902.1453753,-1054.388176,-903.8870995,-682.5878178,-864.9071255,-803.9362206,-949.231342,-1143.893369,-993.0600077,-772.6412898,-795.6757323
34,-857.7862526,-651.9598741,-1542.565364,-979.8523891,-396.6628265,-739.6750086,-608.6464858,-775.2581665,-692.8905332,-988.6211941,-399.1660437,-820.4240979,-625.4793795,-865.1043879,-949.7274033,-1141.703016,-871.5062812,-1105.858209,-735.3464462,-899.0933474,-893.6553348,-1066.277259,-422.7215094,-992.5986172
35,-666.7581043,-649.2704747,-1468.007822,-827.307458,-291.1156312,-396.1992047,-545.7514671,-1282.793059,-433.048066,-302.8874735,-586.3401424,-1000.816681,-752.7107642,-919.5458638,-1363.718068,-838.8063455,-1005.766836,-1003.496611,-777.98428,-856.4116549,-1128.63892,-896.6572598,-731.8111064,-1035.370165
36,-838.6927341,-167.0199821,-1362.4618,-998.1280665,-782.3055969,-135.8892301,-537.9315287,-851.8276628,-594.3083052,-683.5485427,-523.3258529,-1161.886418,-762.2348741,-1107.056325,-884.9016686,-840.4992475,-615.8375396,-631.1156704,-739.4075054,-440.3792816,-1020.736228,-832.4495064,-504.2320072,-521.4207802
37,-781.30345,-130.7116964,-1478.839706,-807.0561185,-849.4017529,-1125.419664,-785.5113137,-705.1722375,-257.0266627,-403.5730027,-595.2587973,-1061.149362,-756.9069457,-867.8380212,-1020.295869,-1247.779787,-909.7495184,-683.8489791,-480.8663156,-903.2086885,-1092.591379,-584.3855788,-752.2726011,-613.4276502
38,-939.0765266,-271.7106534,-1481.426736,-520.9038478,-848.3551567,-826.2649218,-327.471382,-261.2671791,-670.1450973,-678.5224221,-561.0296331,-1075.024718,-790.0824258,-825.8656556,-1044.449156,-821.0101672,-860.4887538,-502.1162542,-403.834307,-656.9278827,-599.8706112,-657.3316963,-585.3488226,-681.9838261
39,-872.6163194,-285.9721965,-1395.095016,-1122.598536,-972.4226762,-612.4236066,-266.2959975,-641.8045143,-231.9080905,-466.1136198,-605.8263092,-995.9665024,-547.3048919,-763.9870816,-929.7392667,-862.6842737,-625.3166698,-541.6015757,-805.9714356,-615.4110685,-929.9108717,-890.5703752,-559.6151703,-660.3330797
40,-689.2556016,-611.6916061,-1403.277078,-393.6557042,-487.2398787,-264.8335693,-670.4310232,-629.1838961,-571.0753348,-597.3218035,-556.1342504,-1120.436614,-807.5432883,-827.5946332,-619.2323794,-943.5971218,-722.9652454,-916.8042209,-601.0074303,-662.9819489,-716.2373297,-848.8988135,-718.9854818,-1241.540423
41,-670.0421484,-987.0513234,-1260.673494,-396.6979651,-456.2815058,-436.8674427,-464.219174,-667.7461527,-633.5759661,-731.7107755,-980.6008143,-1047.676594,-620.186156,-222.3095205,-1062.694586,-965.6846895,-512.6401618,-289.1349078,-652.8421719,-802.5315449,-532.3219026,-1347.090186,-490.2788718,-979.1865714
42,-420.5183379,-330.0592171,-1471.834532,-567.6163388,-127.6483643,-508.4799861,-751.4830514,-622.7890284,-539.3495279,-437.9922773,-486.1210927,-1055.969091,-674.4333032,-412.968413,-764.806805,-684.9055229,-761.4457448,-395.7047719,-624.3939966,-583.7056195,-775.6335953,-1377.530293,-351.1713313,-928.2130936
43,-519.0011722,-304.1750159,-1452.741175,-664.8390441,-792.2149082,-440.4484358,-966.6521767,-830.9564425,-458.993231,-999.8084386,-581.3140578,-974.6307738,-658.4477808,-688.9371911,-672.3886747,-568.3639687,-612.2117053,-232.5543579,-635.1781903,-861.0474412,-968.1666358,-1316.523822,-914.2950766,-743.5285655
44,-930.5523838,-484.591699,-1317.865003,-789.2207515,-594.2196597,-334.6117679,-405.4571066,-861.6178752,-1007.192886,-927.5150129,-396.1773825,-725.5091899,-454.1284002,-599.400935,-671.8302704,-429.776093,-407.8667003,-539.2213665,-664.6370146,-902.970129,-785.414248,-1331.063365,-975.7777021,-1396.25792
45,-1138.570632,-467.0727251,-1249.103936,-697.3185301,-890.7962407,-598.6945931,-646.1879026,-759.2899472,-400.5301937,-553.6920375,-566.1696725,-785.4972795,-1069.541231,-830.4242088,-728.2424552,-398.3606102,-222.8470814,-589.7751284,-266.1309207,-717.1901331,-610.1349279,-988.4142084,-547.7871339,-1007.307324
46,-555.7941434,-620.9078019,-1382.286897,-652.5513067,-1003.093085,-467.9219571,-462.6184789,-779.4449098,-827.499215,-545.9532061,-580.3372717,-625.2990878,-587.444649,-849.1931543,-468.9390261,-521.4726249,-473.2159582,-718.3381696,-298.3658045,-551.8324374,-668.5406285,-431.8651798,-520.1381449,-969.2482542
47,-378.8290225,-434.7811104,-1358.025064,-513.5781473,-901.8475393,-680.085882,-569.3421622,-958.3860596,-940.0431807,-505.3331823,-526.2653426,-584.9972169,-1178.945326,-330.7975528,-456.2553395,-934.1112618,-621.5828103,-705.9746995,-564.3317785,-632.7477686,-1030.170825,-1040.670186,-505.909864,-983.1796656
48,-621.355126,-594.1106373,-1311.266391,-393.0918201,-837.7482746,-342.9872069,-804.2647962,-324.2683339,-864.4665044,-900.6824126,-503.7939816,-854.7963588,-704.1696962,-261.6152141,-913.7658864,-627.9780104,-602.3907554,-885.7476156,-824.8539973,-447.3949243,-1168.407481,-1269.089149,-540.4164772,-1386.1319
49,-366.7220389,-471.7924915,-1437.450513,-1077.719099,-711.5843745,-311.7707926,-714.84594,-721.8540327,-884.7585748,-231.0395411,-443.1971355,-1122.90206,-731.1790291,-260.8508932,-656.729554,-581.3693928,-557.7418013,-612.8354612,-917.2444188,-468.0688292,-1161.924202,-1182.535923,-682.7414609,-1309.648552
50,-669.5278433,-373.3295247,-1476.835133,-657.9273221,-459.4740078,-819.7162994,-809.2386075,-807.5238267,-819.8699475,-996.0597661,-326.8552789,-849.6003536,-673.3595912,-362.8770799,-1050.979465,-920.4098587,-731.2981848,-864.3844384,-1042.790227,-670.6906751,-1024.688381,-759.9020132,-586.7626979,-1152.455875
51,-1039.980603,-229.9178943,-1377.349273,-444.9213763,-564.3315743,-481.6648444,-492.6468472,-957.9231778,-841.4110037,-1002.426589,-395.1592734,-1045.226398,-488.5302223,-873.0918199,-999.8117889,-197.9800409,-861.0867193,-572.5357047,-570.5830267,-595.9310676,-617.1569557,-935.6816781,-158.6347884,-1046.160435
52,-703.3941641,-598.7110855,-1398.185256,-661.9053677,-94.32458343,-404.6979725,-637.4852182,-830.8627118,-167.996316,-362.6914905,-325.6046343,-1156.603617,-136.4116503,-773.4529048,-811.2631948,-203.4461076,-621.521552,-747.3236014,-438.115445,-687.9107758,-485.5846444,-659.3256766,-342.45732,-892.717983
53,-840.081189,-951.4350552,-1515.878477,-546.0070885,-653.6534935,-271.4858905,-614.6557268,-1149.265709,-267.4967273,-482.2735221,-793.4282852,-968.1460923,-199.7261344,-167.4619755,-124.336046,-959.1612895,-895.4710327,-751.6282011,-589.6532696,-657.7987232,-980.2007473,-320.9468136,-369.1809603,-1393.566178
54,-390.7285748,-892.9464265,-1577.276123,-757.558813,-730.6407118,-800.1846292,-749.1731967,-964.3630708,-236.8983619,-571.6135409,-538.2044721,-1165.454978,-790.5555961,-555.9520113,-647.0814585,-1239.549257,-871.6912657,-831.3962207,-1030.069145,-1007.386281,-688.3169468,-297.2113393,-164.8696159,-1427.532909
55,-330.032416,-992.5738225,-1384.952036,-858.5444703,-397.5386415,-235.3537869,-396.8403419,-1084.871794,-230.0932276,-721.9918305,-403.5469919,-1288.60518,-329.6481334,-165.0211397,-1088.039691,-930.4180353,-703.6361979,-690.5040115,-1290.208393,-820.5494251,-599.2595464,-735.278422,-368.2576835,-1369.148489
56,-435.8638,-677.9211149,-1584.132169,-998.3725638,-400.8687333,-360.6017113,-452.2419079,-956.8390884,-265.9740276,-1119.411277,-478.736006,-1054.114894,-462.4762469,-697.9423422,-751.7696781,-365.1404548,-549.6839867,-1006.737267,-1299.021394,-363.3295129,-647.9359452,-348.952025,-292.8052539,-1421.124059
57,-979.9064451,-1006.217853,-1480.274656,-720.7688854,-376.1046215,-357.6956888,-262.9689123,-1051.096206,-527.7132052,-944.4178544,-671.0137614,-1055.367641,-170.1861395,-297.8201146,-862.3122953,-608.9354846,-507.0941791,-983.4396446,-1286.030964,-644.9824635,-574.2176771,-270.9885442,-129.7060565,-1305.85177
58,-848.4710923,-745.5546339,-1513.523284,-610.7851589,-300.1336035,-242.5629286,-739.9396777,-1015.278499,-68.75360903,-957.8981343,-495.9406672,-941.761156,-101.4052912,-637.7614249,-1147.147489,-489.3639625,-1073.716854,-733.0248572,-1172.569137,-377.7950806,-810.4695401,-374.5103337,-778.1241294,-752.9815913
59,-883.6687586,-833.3975204,-1491.932619,-781.4774036,-181.9383249,-545.9382686,-804.9521015,-955.6238127,-133.5363431,-643.640189,-928.2174553,-1399.423507,-985.1709949,-956.2159779,-1096.38919,-266.3007206,-916.7228729,-427.5782539,-1026.313874,-793.7021348,-1045.289958,-580.0862704,-656.605187,-1413.72581
60,-657.4102263,-902.4680657,-1459.365093,-810.4256602,-198.2984504,-337.4611629,-500.9495609,-387.9898241,-484.2276866,-503.7358057,-298.6019781,-852.4349903,-604.0780951,-953.6873299,-1146.764055,-246.5417998,-519.715545,-1013.493949,-744.576899,-368.6638995,-948.2051934,-1101.810989,-194.3991275,-1385.406182
61,-667.700816,-824.1672341,-1479.691334,-830.8358988,-202.6792767,-600.8769736,-848.4510736,-536.5263271,-501.6585808,-552.9837722,-196.8922684,-1017.881316,-635.3600782,-300.0152831,-697.3849677,-459.7582352,-984.0381649,-878.7115628,-741.605221,-1067.573975,-489.5405384,-1259.511315,-975.6084941,-1435.739725
62,-652.0084212,-828.1271793,-1546.636684,-725.5019445,-374.2942393,-318.2726374,-196.7810903,-880.3924351,-335.9723352,-556.5730747,-461.8382659,-711.1241047,-672.0123826,-397.7282861,-1332.382371,-403.8154878,-1131.627799,-696.2633925,-367.3366255,-597.8970342,-802.0406034,-1112.864552,-330.8442218,-1484.882305
63,-293.9462338,-1122.559013,-1466.294872,-705.550702,-367.2036408,-708.6361636,-298.7858795,-630.5873839,-285.0420661,-517.969659,-1018.360173,-838.4278901,-766.0772288,-393.6208683,-1327.246316,-235.5541515,-1148.286401,-1141.28049,-374.4951614,-640.5494471,-787.8731509,-1203.870173,-820.5697346,-1310.77988
64,-254.2822939,-601.8741072,-1409.492122,-582.4634808,-400.9855766,-948.6509728,-335.3615643,-776.0383482,-467.8008352,-1029.580017,-709.1352406,-924.7808515,-902.7684272,-168.5934585,-1366.237218,-618.5061788,-324.6140561,-899.441479,-1077.679467,-941.5042848,-714.7622439,-413.3836835,-360.7555903,-1389.165842
65,-285.388754,-598.457477,-1531.263636,-689.5918532,-236.6356005,-1048.611395,-469.6221982,-699.2383791,-503.5296634,-707.6458761,-341.5499895,-718.7172593,-768.9861819,-593.4902145,-1213.855598,-366.9751597,-486.4879342,-782.6854018,-863.087779,-786.3832931,-615.3001509,-928.0907556,-292.3720586,-1342.568054
66,-261.2623021,-652.6290096,-1458.978866,-853.8883293,-525.6940218,-893.0742254,-525.3495606,-778.4092743,-102.1221041,-554.2068417,-384.8984233,-598.9802818,-280.2251699,-378.8720843,-737.6025593,-162.7628434,-467.5581152,-975.9357955,-888.5694129,-932.5378691,-736.7740702,-822.4048304,-414.5441393,-1463.461686
67,-350.5119741,-615.0802585,-1525.91329,-1024.019325,-682.2960839,-972.2452955,-279.9071617,-916.8745964,-781.9387351,-882.3252657,-792.3348959,-711.503325,-272.0005173,-702.7759697,-1040.786736,-394.0466488,-323.5745209,-491.9048684,-641.485848,-754.5744548,-828.7458102,-916.3545274,-261.887709,-515.0732687
68,-688.8232555,-477.5949272,-1483.434387,-736.474109,-917.6104141,-717.5518002,-387.095906,-663.2103599,-807.5396711,-828.854716,-366.1500333,-519.7066641,-200.6303539,-388.5429743,-1434.305751,-286.9618715,-687.635757,-453.3258597,-701.3676023,-840.3363124,-981.2927177,-850.1687605,-295.1665131,-790.3390706
69,-319.3818308,-1071.211628,-1503.827658,-1001.715982,-753.1775164,-671.3396192,-270.5568833,-480.8966392,-1039.846272,-415.8679045,-636.5188851,-445.0863755,-622.0553858,-476.1948586,-1352.533318,-343.5042866,-470.768571,-933.4475757,-708.9081262,-775.503098,-985.3818441,-1140.655966,-378.6667767,-1393.946091
70,-257.7504661,-1205.338747,-1321.058205,-1067.171423,-281.0910561,-229.9989669,-127.9772702,-810.9310722,-983.3010256,-413.6648511,-313.6070119,-564.7071172,-333.5529894,-811.304032,-1171.707329,-237.8629948,-595.3598383,-965.8223875,-957.3152077,-710.3333304,-863.3229588,-886.0705076,-223.5025352,-1575.5145
71,-391.1539298,-1367.862221,-1378.319451,-600.7853599,-435.8802642,-579.0057027,-193.3964255,-521.3337429,-529.3109922,-884.5587521,-584.0904766,-751.165331,-719.5130855,-856.0142641,-1125.900969,-497.6426326,-760.9543284,-1238.013406,-774.9883695,-642.170069,-1050.608965,-1021.36445,-508.7303475,-1457.377125
72,-516.0001317,-1336.333839,-1472.540261,-822.6659142,-743.3179032,-511.7649578,-740.4863608,-725.1413568,-969.3985332,-926.6156168,-768.7633856,-600.0866379,-789.6022147,-943.4413517,-1110.303337,-485.8038682,-564.7883097,-996.9960136,-710.5963153,-698.7049399,-547.8515437,-682.2167827,-293.6279019,-1456.436448
73,-530.4700221,-1411.881199,-1295.3574,-1021.85893,-761.3121814,-486.4735885,-326.6464565,-617.5633845,-808.1584439,-860.381633,-470.1442539,-595.4482267,-640.1727223,-951.3656677,-921.6578879,-379.5589407,-663.7655548,-1132.548775,-625.4144001,-556.6934197,-804.9579212,-574.2589002,-362.7366682,-1584.861662
74,-579.2948033,-1323.398238,-1616.326773,-539.2283196,-530.7824455,-337.033931,-167.3206121,-473.7756814,-271.183906,-947.2149103,-197.2542163,-459.6808815,-647.5678938,-755.1620823,-887.9516054,-331.3938405,-587.8860775,-951.1532225,-643.4350124,-1165.6682,-852.5148399,-895.9498512,-226.8980034,-1146.954961
75,-410.1556019,-1277.040721,-1427.957226,-764.5078409,-914.9166267,-486.1857468,-290.6901736,-667.3016089,-405.55609,-1003.733582,-1175.510403,-319.3449388,-1019.28731,-1164.191514,-819.4549235,-388.6206068,-399.5354514,-1100.90545,-619.9778684,-425.8796558,-789.5210446,-756.8547478,-516.9972067,-1476.179654
76,-169.4565268,-1313.357346,-1342.255924,-729.8582025,-980.0849159,-521.9397102,-281.5455615,-335.2288392,-748.9890561,-833.7012171,-772.9342534,-892.9214582,-1083.979086,-959.7609615,-1097.389737,-265.7898467,-309.2683681,-939.9212425,-760.8680023,-472.5208974,-718.449909,-811.1802294,-622.3647784,-1333.486684
77,-194.0097164,-1269.682905,-1383.96481,-306.0593327,-641.7593238,-555.4824174,-165.9151467,-907.1871265,-651.6244786,-966.0758706,-679.5635607,-1092.99647,-1094.39397,-1100.818372,-1024.576135,-266.5971037,-612.7878046,-985.9540577,-902.4163076,-523.0241535,-486.2324493,-761.6680775,-716.551193,-1485.928051
78,-276.7528522,-1319.08333,-1354.388147,-1182.191262,-682.1973184,-383.9203455,-65.59429837,-649.7391368,-925.8381692,-803.3134695,-399.3823567,-1055.301163,-1035.472437,-939.1395948,-758.9284839,-667.64261,-569.3995792,-954.2246655,-1080.244988,-553.1347788,-823.1381521,-831.4207802,-329.8054486,-1416.002747
79,-128.9138238,-1363.229311,-1430.682954,-829.8501439,-748.5929556,-614.3498321,-165.7926833,-739.2626881,-1163.147331,-800.2446224,-1073.214333,-967.0305112,-1028.188083,-1096.901535,-1003.470408,-305.4333591,-696.8128218,-875.8025174,-1193.008528,-511.8821711,-1218.381487,-338.3946557,-866.3569708,-1276.565546
80,-291.269602,-1379.726763,-1398.143966,-987.1666961,-795.233349,-855.5156294,-285.8638977,-690.9122653,-834.7686351,-908.0838501,-1249.071548,-1009.121835,-647.2886261,-1359.044915,-1073.188554,-419.4157487,-888.7933922,-977.0050166,-1225.198012,-877.6357014,-1142.666914,-166.1625383,-790.3559526,-1399.451274
81,-237.6829991,-1410.894118,-1490.870759,-1141.648068,-638.5488868,-621.3950553,-460.8632519,-676.0319433,-1178.546152,-1195.983329,-845.3751402,-1181.931772,-936.1363121,-853.2178489,-933.1533077,-348.8695425,-870.8123941,-945.4574984,-1183.558975,-587.5625437,-1182.569562,-434.128203,-690.7384548,-1490.667748
82,-198.0977626,-1475.842127,-1522.887259,-925.8580656,-425.9455426,-399.8008926,-384.8313083,-919.9808743,-1024.008607,-802.2202167,-504.3422087,-1219.893829,-1046.751327,-1237.161608,-904.8376438,-364.8923784,-791.2112909,-818.5546617,-1037.972111,-484.694301,-1300.185946,-493.732726,-301.391833,-1339.466058
83,-525.4559002,-1371.140323,-1289.582611,-805.8723578,-179.4963444,-610.8277005,-758.7222717,-940.7854586,-1138.018241,-730.7565414,-296.7993628,-864.3468337,-1037.157308,-983.0645816,-1119.109058,-242.4353179,-1035.315365,-962.1940478,-728.1705152,-1063.433327,-1262.578288,-967.6095437,-377.9682249,-1466.644575
84,-619.0413161,-1228.685946,-1541.147446,-793.5217496,-568.7333705,-455.3003538,-160.3209401,-851.9447188,-1158.407835,-1198.210679,-499.0262651,-941.1379593,-846.5391952,-1127.097158,-1152.932351,-197.8693477,-664.6588628,-792.4831887,-802.0103444,-1104.994294,-1237.310312,-1071.921737,-553.3702292,-1460.335672
85,-950.581893,-1473.121261,-1499.761572,-1387.925174,-713.040024,-422.8606886,-254.7005957,-858.5029928,-1269.709188,-1127.053232,-569.4914373,-641.8896875,-657.8610314,-1367.009912,-923.5771131,-392.8539558,-769.8045611,-806.0078083,-879.7983614,-969.4031683,-1238.719255,-795.6979724,-516.50384,-1568.706088
86,-597.2855464,-1457.620038,-1625.717626,-706.8778888,-844.0060609,-810.0562854,-225.1162774,-870.7422852,-1363.585502,-993.9732903,-429.1037242,-956.5919308,-649.1889584,-555.8297359,-883.3552004,-835.9850959,-689.769176,-790.1137506,-906.7029443,-527.0422016,-1147.765784,-933.3487167,-770.9394476,-1455.334805
87,-568.0452548,-1533.174876,-1537.958906,-891.1116741,-838.2693765,-469.4922791,-479.3417886,-1067.97258,-1254.516222,-1024.981283,-947.6508734,-1043.302005,-755.7706907,-745.1584777,-873.4611971,-966.0170138,-594.9972029,-625.870287,-940.8622553,-255.4123273,-1020.903418,-803.6536058,-1304.679252,-1401.176943
88,-631.3415082,-1482.917506,-1526.798386,-709.2120408,-852.1296558,-410.0310485,-1061.291629,-1162.940629,-1173.498568,-707.8207077,-1057.856796,-1278.788162,-902.448285,-1164.786003,-1030.701404,-346.4175539,-167.2092319,-666.2954549,-1228.886598,-784.2128363,-676.2444767,-1325.750699,-706.1797213,-1532.684078
89,-514.6199515,-1539.554765,-1454.505841,-1036.236904,-1009.856995,-342.6107719,-934.9656785,-895.3133735,-913.9472265,-842.2719295,-624.0850107,-795.0535926,-1252.827666,-1077.522566,-830.3343752,-206.3942457,-318.1517595,-646.3850645,-1309.567322,-589.2382241,-760.4129286,-1117.248052,-673.5746357,-1426.326195
90,-767.0505143,-1584.2397,-1401.890118,-936.9286498,-1145.855483,-519.1987919,-711.0543198,-993.1422543,-821.9267367,-871.7109917,-347.6288879,-1221.069362,-1070.520546,-475.8085669,-915.03325,-686.9230161,-333.0005115,-828.2256476,-1092.80842,-451.1156296,-777.4401346,-244.6687362,-985.0368908,-1485.010327
91,-762.962585,-1586.965107,-1457.796122,-966.8689616,-1271.928307,-305.8445045,-653.1414378,-716.4537919,-683.044838,-644.0010813,-402.5682647,-836.2754953,-1033.516555,-1151.101788,-889.5681084,-735.5507461,-311.6280479,-784.5237319,-1004.866604,-946.7341495,-626.4458429,-1024.911174,-196.1025864,-1346.60439
92,-779.6412487,-1523.100092,-1446.66637,-898.9878667,-1307.318281,-932.8522692,-602.9136057,-899.1849769,-851.1177568,-1089.764322,-136.6031745,-913.8734874,-1054.253565,-321.6508804,-971.7899848,-424.254113,-291.9331693,-739.5922265,-1064.166544,-231.6621787,-952.7331478,-695.3510856,-1299.813787,-1335.171265
93,-729.5176523,-1530.168157,-1521.107559,-1095.67119,-1317.978632,-548.5364016,-650.920701,-957.0217381,-972.6368727,-916.1076912,-196.837257,-192.577643,-1074.051844,-588.0856258,-994.9201721,-263.7415574,-225.2202117,-698.8581688,-997.8252474,-169.9143904,-1310.693393,-877.5888757,-718.6374046,-1504.961237
94,-824.728934,-1487.475892,-1547.560159,-919.7401102,-1235.434527,-469.3467752,-135.0228325,-928.3479004,-836.9572374,-778.3673861,-269.3387404,-883.6709047,-1356.745521,-812.8820767,-859.3106905,-615.1140783,-568.6932391,-907.3735516,-973.9356597,-328.8473201,-1263.40441,-451.7129666,-1292.029132,-1569.639448
95,-768.0227819,-1523.202746,-1542.653249,-884.5885441,-1313.488971,-353.5419282,-1028.522115,-1091.16551,-1166.617496,-1083.438805,-424.5962523,-763.8180773,-1385.084529,-927.7699011,-841.0046946,-443.3556679,-226.9510626,-911.9220187,-1051.286191,-708.5525105,-1047.884252,-677.795661,-1302.709677,-1540.991212
96,-814.2486168,-1578.702291,-1533.133993,-1266.688578,-1330.503497,-386.704444,-898.9978942,-794.1553361,-809.9452267,-1111.296969,-348.5738659,-485.3526887,-1394.691999,-461.5365074,-1003.196945,-472.4973831,-164.5519561,-857.4310457,-939.9029197,-1010.356083,-998.3586694,-628.1966437,-758.6872463,-1599.383349
97,-918.1684292,-1559.68706,-1520.771835,-775.2773215,-1325.135675,-495.7239402,-239.2516431,-867.5545565,-1147.924863,-909.3155938,-665.1288507,-703.3140698,-1413.129653,-360.6002777,-858.8780541,-166.0838676,-204.4242692,-884.9987873,-1312.109202,-782.6807516,-1161.673489,-708.2999085,-1123.442972,-1457.718913
98,-1011.264544,-1600.744318,-1431.534308,-559.4038039,-1297.643895,-649.3198884,-323.0222724,-801.4293373,-1166.92901,-803.7837041,-454.5569582,-1133.248816,-1447.805257,-485.7124455,-900.5244014,-433.7058375,-427.8184056,-876.3068072,-1052.644831,-430.9672017,-986.5375258,-676.9189877,-680.9278703,-1432.83074
99,-1020.472925,-1553.060721,-1491.257891,-1083.928612,-1382.93282,-567.99305,-228.3690778,-789.707371,-1007.926512,-984.9938967,-409.6826078,-441.4710265,-1241.057922,-307.5903834,-837.3027491,-934.9371664,-1157.847036,-1019.139833,-937.0424862,-772.6261361,-943.7258593,-833.5929268,-165.0044408,-1505.032294
100,-1185.623799,-1498.340348,-1571.093873,-364.4194459,-1170.454881,-408.1395397,-162.2213463,-956.3403826,-944.8820338,-1082.047566,-835.4481577,-689.8614868,-1163.708158,-828.2230057,-889.0896668,-394.8096549,-968.7422615,-915.085584,-1236.123567,-793.2774301,-995.3687029,-608.0737822,-435.1021078,-1470.992614
101,-1081.90236,-1607.804539,-1536.283974,-418.3627555,-1252.943259,-468.6817556,-221.9554268,-630.6428307,-1168.11647,-753.8332659,-916.0549601,-784.5553933,-833.2527904,-163.4585964,-814.9538975,-196.4049019,-647.2048217,-999.4266643,-1271.214019,-784.2404364,-1098.938603,-1256.063523,-1097.421741,-1428.044622
102,-989.2360346,-1470.729261,-1486.072983,-1193.944359,-1360.162689,-272.9672427,-558.6372827,-811.170528,-882.9151091,-411.9835083,-476.7474543,-789.6808875,-950.875055,-275.4550777,-136.9181748,-603.406912,-133.7296385,-1067.207869,-1327.955118,-747.3642649,-989.7141817,-1257.942079,-601.387439,-1347.656715
103,-902.4108009,-1437.931494,-1611.684087,-857.1301967,-536.9351859,-782.4239571,-917.8047074,-1006.683959,-1004.218578,-983.7723933,-582.5045706,-1189.601079,-1168.031077,-531.1403956,-1035.763577,-1143.732516,-262.0274768,-986.3739316,-1030.16306,-802.9443344,-966.7892504,-915.6535822,-449.9144905,-1481.739344
104,-1001.237995,-1065.973267,-1533.473729,-958.8467464,-1216.453068,-646.9291621,-261.5146194,-1124.520225,-1159.91915,-1022.483017,-261.4723553,-938.6163634,-1106.989965,-958.5979108,-750.4416416,-1007.059112,-353.3762611,-1322.462969,-1575.091465,-795.9593885,-958.2302285,-1111.940701,-337.7534651,-1391.373503
105,-1171.671336,-1482.841425,-1552.123538,-1089.326027,-1213.176968,-570.9958458,-95.61180527,-1090.532794,-1008.23551,-1361.923465,-288.2752357,-383.685739,-1177.67302,-431.5547495,-1127.625481,-678.4240574,-667.6599913,-1110.341365,-1562.543481,-1038.963467,-1000.03063,-1260.881232,-863.6518858,-1354.256246
106,-974.4929441,-1321.277447,-1568.614206,-1006.110519,-1225.702313,-305.369389,-129.8841676,-1155.5497,-1096.797931,-873.7656101,-161.2496734,-1078.599177,-1127.736343,-657.915589,-1164.23689,-764.0154169,-1074.224866,-1005.738452,-1514.253664,-1151.321821,-1169.572441,-1348.46619,-1339.416034,-1442.081851
107,-1122.07791,-1337.622147,-1598.193024,-632.1772253,-1248.83529,-596.2879734,-284.8635284,-1140.763827,-975.6702103,-1130.102826,-66.39185615,-1172.517628,-1174.55049,-1073.279291,-982.1750914,-646.1187202,-862.9060086,-793.2470403,-1482.051938,-804.4154352,-638.8951112,-1232.46577,-1346.587585,-1277.662667
108,-1086.340359,-1374.05342,-1575.352076,-834.9328402,-897.0008731,-1197.31797,-96.42157367,-1159.091656,-1354.887277,-787.69806,-1134.983944,-949.5909272,-1131.170601,-559.7637278,-721.5927051,-758.8794745,-645.6240582,-793.5376557,-1394.583825,-739.3246803,-930.223091,-1315.789801,-1196.503653,-1580.19707
109,-1072.679177,-1306.887456,-1582.993386,-1043.975298,-755.8026488,-808.9929146,-201.6558443,-1129.123318,-1269.919456,-1052.986127,-577.8636508,-1340.467704,-1031.359726,-226.8874786,-601.5987578,-375.0474568,-703.544075,-769.5733562,-1504.044299,-962.8789532,-1188.405695,-1343.517942,-794.6939995,-1527.975889
110,-1019.934593,-1381.304936,-1496.754083,-873.7188233,-692.9576209,-998.8504205,-318.4430735,-1044.857253,-1290.617855,-756.3445791,-431.0975404,-1064.822029,-1094.097891,-423.0733047,-725.4026262,-308.4232743,-548.0127058,-933.8731195,-1512.380399,-1333.244243,-1170.517537,-1206.225247,-441.0729592,-1481.357361
111,-967.2706372,-1269.917795,-1489.432249,-964.9269643,-304.4682588,-817.1872832,-477.1671665,-1078.255272,-1132.395321,-890.7428875,-616.5139776,-953.141429,-811.0571706,-532.1829433,-650.5544247,-297.0854745,-486.8024367,-1200.454407,-1510.010535,-1307.036678,-1534.969532,-1350.217359,-589.1669355,-1478.70629
112,-1251.020414,-1295.68313,-1566.228735,-903.411176,-379.3360835,-428.9500296,-567.0348272,-734.9466678,-1235.707633,-1137.878361,-1340.047574,-764.0100008,-1269.879171,-962.8137356,-1343.059971,-197.2729699,-330.1107015,-1314.144635,-1368.837521,-1307.880453,-1363.60059,-1473.72105,-446.7111494,-1518.380921
113,-1181.411903,-1416.792222,-1482.493215,-769.4659619,-628.161834,-427.7019689,-786.2190108,-416.4399463,-1196.018406,-846.6791017,-1278.045087,-832.2733422,-1152.325443,-803.0670749,-998.2118316,-982.5722533,-289.7800486,-1334.205765,-1163.428228,-1165.296017,-1418.743392,-1392.328394,-819.2749116,-1527.173951
114,-775.9004253,-1190.341219,-1539.396073,-752.7369021,-872.4916397,-538.2349983,-957.0135585,-630.0190525,-1212.70998,-793.0482813,-848.2452091,-1455.671244,-1167.697845,-826.301476,-1159.097651,-779.8235617,-509.4443428,-1379.955264,-1216.357583,-176.0491229,-1312.53771,-1479.847262,-721.014391,-1508.6285
115,-1118.148613,-1134.365736,-1495.502214,-668.82932,-794.3224424,-955.8302744,-693.3050404,-1190.093292,-1295.726768,-791.0730039,-1259.399492,-1449.510743,-1081.237929,-838.2305406,-659.7175649,-356.5073004,-767.8007415,-1468.707221,-1558.032248,-1266.555106,-1473.887916,-1571.957881,-697.9610005,-1406.794261
116,-1269.473678,-1327.501912,-1560.304992,-1332.172732,-627.9531888,-604.5696721,-742.2848752,-967.1980698,-1057.541856,-839.9289589,-1128.876764,-289.9634746,-1313.028911,-194.5934242,-1066.050248,-306.0633095,-739.499891,-1340.609943,-1397.718742,-1317.014147,-1544.166348,-1527.04497,-1049.433838,-1517.869037
117,-1205.480972,-1189.439424,-1551.353787,-956.798247,-642.2512288,-1000.111724,-539.4134449,-616.2787422,-1027.603111,-916.7568596,-873.892196,-869.2530165,-1169.629532,-375.5310245,-1270.634935,-734.3723288,-567.9076797,-1260.737592,-1161.98772,-1415.758796,-1274.266916,-1484.314278,-1025.245344,-1549.284489
118,-1299.258961,-1194.946101,-1540.83437,-1487.94995,-734.1575468,-952.3850287,-360.265865,-597.52384,-1238.908317,-1160.848741,-1052.789142,-617.4051386,-1294.464018,-518.2780177,-1290.226221,-698.8718639,-539.581536,-1138.832554,-1349.049449,-1265.451631,-1123.537732,-1505.653443,-1084.716588,-1614.864964
119,-1036.653032,-1396.318979,-1435.909555,-1156.514466,-624.9578906,-1075.665347,-616.3114424,-651.1288351,-979.107274,-1238.826546,-568.9434022,-1548.555252,-1270.157448,-174.4886423,-1462.259549,-703.4563062,-559.2004103,-554.7951557,-1431.207807,-1409.929001,-975.8222488,-1484.23033,-458.2429122,-1483.074052
120,-1040.240224,-1162.998081,-1482.367769,-1267.605528,-625.5676658,-1353.375209,-262.7745311,-603.6655584,-706.6943286,-1304.203035,-1102.646519,-1310.052142,-1363.112369,-916.9066268,-1374.204699,-646.1389001,-221.1121531,-763.5775948,-1433.282628,-1373.886099,-1199.059087,-1469.501912,-813.8843961,-1002.460133
121,-794.2205977,-1359.017241,-1545.478237,-1300.432698,-827.0393625,-729.4556171,-331.8161425,-882.157039,-354.9441791,-1093.531958,-633.962998,-1633.804019,-1259.847669,-533.3472881,-1458.299128,-638.3586576,-284.5268344,-1087.764027,-1368.698247,-1367.285907,-1088.197029,-1534.18978,-1314.214554,-1234.639082
122,-724.8047545,-1130.757087,-1422.360027,-595.3470001,-709.7677417,-538.1367149,-425.364844,-795.9308029,-1062.448303,-1236.578529,-872.0136841,-941.7584015,-1236.480733,-760.2162643,-1358.801534,-541.2243171,-290.9084945,-1043.306096,-1490.880452,-1318.712762,-1124.061559,-1550.169102,-1227.15551,-1538.750102
123,-924.1709291,-927.5647795,-1322.284494,-795.0894418,-766.1723125,-1069.389069,-750.6155646,-825.638599,-932.1175065,-1082.928335,-1135.14608,-1029.045866,-1339.203979,-364.1391848,-1087.074872,-989.1034166,-385.8312922,-1080.634872,-1498.321382,-1333.419395,-1054.983965,-1501.975548,-1058.399835,-1358.059257
124,-960.2106953,-790.5542134,-1484.778977,-1017.69645,-904.3724732,-1141.529444,-162.3052359,-893.5417843,-1221.533995,-1019.204,-740.920397,-1399.959375,-1356.435771,-1093.147704,-1166.722594,-969.416666,-34.12640542,-1161.643228,-1466.032988,-1363.219832,-1002.69223,-1620.459023,-1189.738138,-815.7084427
125,-761.4709215,-777.3755327,-1393.031497,-711.5257617,-898.4560853,-752.5780033,-472.9704216,-692.221026,-805.0015678,-334.92053,-894.0614108,-1102.040805,-1555.716321,-570.6952115,-465.6719254,-1142.597584,-199.9916933,-909.2595338,-1423.267209,-1381.129331,-879.8249992,-1567.876288,-1190.618858,-679.3358971
126,-726.5836209,-703.6205307,-1546.691454,-1391.878494,-907.5129146,-1010.476789,-410.9948411,-808.1302377,-904.3547372,-993.17212,-1084.451392,-1205.646104,-1353.615868,-1014.024365,-1487.468992,-986.0032029,-258.2334038,-1326.181722,-1408.494855,-1364.143148,-697.5888508,-1550.654639,-1088.866806,-965.5622385
127,-717.067766,-759.7061597,-1448.739223,-669.9891045,-890.7619392,-1112.20118,-438.0055811,-982.8218825,-1230.567603,-1002.45719,-1147.352833,-1087.076836,-1395.312795,-482.0786553,-1183.912636,-545.4270405,-193.9101811,-565.4012919,-1442.483219,-1355.320432,-965.8382579,-1510.770358,-1141.083513,-1006.952039
128,-780.7736822,-683.6509217,-1456.276007,-996.1632527,-823.0321846,-986.6423984,-388.9699449,-979.4320427,-1132.685438,-1256.794278,-818.6671883,-1278.390248,-1465.880319,-706.9465087,-1391.273627,-217.0305375,-394.0144765,-1106.701963,-1523.164558,-1390.658784,-620.5417269,-1532.707531,-1201.953614,-973.9556546
129,-959.1607908,-753.3162757,-1482.483968,-1336.829853,-839.0927442,-915.7383216,-305.5020231,-904.8385276,-1155.494204,-1099.056682,-841.6208584,-1525.427811,-1303.925982,-620.79321,-788.9939024,-1226.992183,-158.8913628,-1058.210553,-1485.873339,-1247.62305,-1039.840916,-1531.619071,-768.2075208,-881.7975448
130,-925.3796566,-1016.419368,-1451.291809,-1267.358153,-867.1758213,-756.5689111,-428.0985024,-942.5958296,-672.5987627,-912.6171941,-948.8710378,-1206.381614,-1076.016234,-750.7437616,-1508.098256,-485.8260564,-165.736885,-488.2499927,-1359.249137,-1328.442201,-1100.9303,-1533.7685,-871.2123052,-960.8390535
131,-1074.247001,-1216.358449,-1521.262595,-595.0033333,-804.9219256,-902.9705517,-1065.238323,-1010.064272,-887.9114985,-1063.762888,-832.9721741,-953.3416657,-1190.77655,-545.2111547,-492.3299952,-1163.139452,-293.4184758,-452.1350049,-1407.066911,-1072.988636,-1133.65362,-1592.183861,-646.2181096,-898.3346485
132,-912.428695,-1169.043803,-1439.850804,-1088.482212,-850.2682245,-746.0684099,-250.2926,-1034.068673,-463.3465475,-1228.915669,-595.8306286,-1358.209662,-1304.505355,-524.8051997,-1417.346613,-1039.850338,-458.4564989,-511.8223981,-1491.576758,-203.1787168,-901.3017197,-1510.250386,-497.5506469,-792.7248479
133,-1048.099272,-1238.263813,-1423.871497,-1034.805327,-838.9467554,-601.9228507,-201.3773216,-1060.239339,-564.5044917,-980.5958881,-797.1267598,-1243.172777,-1365.533916,-732.0422888,-1356.400509,-779.2216133,-358.0642352,-441.1614219,-1257.446831,-324.7554696,-1019.712943,-1527.258564,-279.6472805,-820.3175117
134,-1091.12558,-1283.697897,-1501.04118,-653.101198,-897.1236442,-815.6940466,-166.9977083,-1200.408714,-1009.031482,-771.8064644,-774.0847871,-1411.188393,-1278.174046,-166.4437338,-1201.459386,-675.0376142,-1031.053645,-956.4638725,-1500.485282,-356.6167269,-1049.29864,-1534.858004,-217.8400921,-957.2173568
135,-1021.041346,-1299.478279,-1409.987354,-1051.612681,-963.7507936,-796.8887269,-300.0697002,-1016.684415,-785.6307003,-1358.085402,-609.1649784,-1364.438265,-1188.475739,-689.7229776,-861.5620765,-705.1277815,-659.7002437,-961.5916777,-1308.648702,-105.3712553,-1106.123098,-1540.55135,-417.4815698,-766.6018836
136,-1075.301166,-1221.57296,-1445.251707,-942.2739846,-1045.233237,-625.9038025,-132.9363915,-987.5372093,-1198.057689,-1175.016792,-934.1209141,-1210.24513,-1046.223531,-365.2013074,-1390.153911,-891.2376812,-614.260282,-1052.168163,-1429.408111,-315.1874038,-840.8668128,-1620.348192,-203.0252185,-1184.128529
137,-1175.173149,-1314.843575,-1339.427869,-1289.846553,-908.5864337,-643.3390209,-270.0357836,-962.6710883,-859.0222808,-779.3382437,-736.328912,-1471.045415,-963.0137389,-1057.125512,-1239.303082,-510.7708184,-438.999528,-1104.747763,-1443.951656,-130.2436379,-941.7079814,-1546.742227,-501.0405922,-1385.955665
138,-1114.741384,-1427.439881,-1503.675708,-1058.4101,-828.7825895,-968.1606104,-239.6249096,-917.6501188,-827.0421323,-345.7541182,-854.691427,-1049.299522,-1211.29853,-446.1228159,-1312.824379,-896.9791675,-637.9891617,-1036.339771,-1403.741114,-315.0476713,-739.7261872,-1545.229459,-573.4831468,-1197.872004
139,-1162.754355,-1478.703603,-1488.124396,-1185.698786,-737.0870726,-864.0374721,-201.50304,-941.69369,-1236.977024,-1304.012444,-584.4562582,-1114.082929,-1081.702898,-297.8666933,-640.1717408,-260.9106976,-589.1237657,-1018.901773,-1350.387746,-357.6888455,-1035.664795,-1531.365742,-407.2765152,-1314.184691
140,-895.808734,-1334.336333,-1452.783859,-822.0967522,-805.2396854,-891.2890718,-792.907111,-910.3719723,-934.6228279,-1154.400716,-698.7821765,-1051.132788,-1072.642712,-369.9550523,-395.9537492,-234.0428274,-550.6570549,-1122.545604,-1284.275871,-171.7626882,-1229.926775,-1566.69671,-165.5469878,-1037.775198
141,-747.8678879,-1246.600048,-1250.758477,-683.4465203,-608.0837248,-788.4221939,-157.9776487,-775.2328209,-1301.055497,-1410.20343,-1064.143108,-1487.056127,-1028.691142,-402.8353479,-1207.646298,-773.9035524,-579.2271853,-1293.573921,-1432.779756,-336.8660796,-944.1104461,-1341.04993,-577.3993065,-1341.974713
142,-1172.950356,-1010.811783,-1443.464605,-809.6785528,-598.8454674,-608.3497866,-617.5029561,-797.3143224,-906.7840601,-1200.260389,-947.0140453,-1204.850057,-1277.941446,-525.9421653,-799.4101898,-297.7620462,-492.3467047,-1292.068679,-1325.959258,-437.8637737,-917.1393201,-1544.562041,-376.0581439,-1249.667748
143,-864.4245965,-811.3414929,-1138.575901,-651.1392023,-711.2577237,-680.1808644,-533.8893738,-886.2981526,-900.4064252,-1534.666816,-1162.035316,-1115.722448,-986.5145812,-615.2895248,-581.2410255,-136.0065895,-268.4080031,-1163.289518,-1070.882984,-1209.930189,-955.369409,-1559.360657,-407.145747,-829.1412123
144,-1057.052005,-928.3566822,-1297.002285,-790.8276509,-744.7020708,-647.7261596,-245.0167648,-547.7148862,-1035.326105,-1185.000481,-1134.242924,-1394.49549,-1079.311083,-498.2175575,-474.5859026,-255.6650542,-349.2784128,-1113.200679,-1336.243763,-1224.453919,-873.3923168,-1583.250832,-952.8522543,-820.5967254
145,-986.7469679,-877.127365,-1367.982099,-776.1942615,-630.4851675,-990.4361418,-823.1103198,-1115.204932,-990.3162338,-945.1470467,-1107.007172,-1150.186162,-1293.496344,-405.567679,-571.4273707,-323.1891445,-429.4126764,-1076.531982,-1428.762751,-1176.247307,-824.262653,-1607.71495,-236.6291035,-1088.271388
146,-1005.88266,-890.2871633,-1427.180596,-165.5635441,-281.4753919,-550.5207454,-880.5713582,-1240.788653,-1161.485921,-1536.866689,-910.1257324,-1028.139128,-953.5672385,-875.431956,-828.7230949,-299.6611766,-642.5474866,-1101.164398,-1237.145207,-1291.599054,-962.8589031,-1556.695462,-496.8325176,-1410.301426
147,-959.5698172,-904.0988223,-1328.956279,-497.4347992,-347.8068217,-1306.456251,-261.6391609,-1227.795641,-1208.900302,-1127.880678,-549.9889095,-1143.951531,-1257.564937,-729.1770414,-727.0173104,-189.2353299,-566.3511752,-710.0730614,-1428.398995,-1183.97815,-944.860244,-1568.863367,-668.9786593,-1356.800291
148,-860.1919346,-1103.968756,-1357.484242,-1162.410464,-535.5334692,-778.3529516,-996.7841238,-849.3329763,-1233.983491,-919.4852708,-868.1215753,-983.809206,-1037.794826,-540.724142,-967.8175197,-194.9665798,-653.2550305,-643.2150122,-1382.251188,-1212.500388,-981.3742242,-1548.782957,-317.3197398,-1399.748391
149,-1126.962094,-962.3708174,-1466.373457,-671.7549908,-241.783723,-1069.013214,-185.8328446,-1158.435902,-1012.307848,-1111.28891,-1044.026909,-1399.215161,-1086.347169,-205.948358,-1194.010843,-393.4698713,-331.6772633,-1052.881158,-1351.880114,-1148.274827,-1171.809724,-1529.491336,-401.2769269,-1484.623487
150,-893.0943492,-806.230328,-1504.808769,-913.9922987,-168.2398859,-1253.742664,-427.5149608,-1288.622886,-1242.232771,-1021.423541,-808.5718179,-1315.799019,-901.4237967,-587.4125204,-987.3845974,-571.390513,-271.1301812,-939.701797,-1449.67025,-1183.777361,-1156.706073,-1570.892613,-278.2806303,-1489.9083
151,-1058.980095,-975.4022259,-1250.794224,-570.457898,-302.2486513,-1148.395916,-212.7917969,-1164.464534,-1060.842736,-1066.656943,-1006.949859,-1029.888063,-1035.107463,-686.8076454,-1169.430988,-245.5463699,-457.4483427,-829.2321221,-1499.584597,-318.8176933,-1266.945209,-1573.039562,-789.5317308,-1389.262098
152,-1248.002235,-920.6440038,-1240.805932,-991.9575498,-720.2997359,-334.3948024,-809.5779799,-1134.762553,-843.7474973,-984.2740828,-1041.04194,-1306.172185,-854.4150845,-1129.829976,-1043.574143,-221.9165196,-420.1441152,-1112.850728,-1373.052632,-830.6152545,-1196.640421,-1584.168902,-137.1263936,-1493.040254
153,-1084.891789,-637.846835,-1354.699755,-1231.168947,-426.0902249,-380.0358886,-639.6701539,-1325.574745,-1161.3159,-985.7015212,-1065.831816,-1366.367861,-1086.880793,-882.2686914,-368.4639047,-542.5354804,-304.4115161,-1082.904961,-1340.528774,-816.3790391,-1144.390084,-1516.82867,-204.873462,-1505.369555
154,-945.5308521,-723.2736973,-1458.863173,-1252.622977,-142.6225528,-345.7437153,-402.852394,-1191.788339,-1002.939365,-1158.034374,-945.6488955,-1148.053557,-997.6864962,-809.4356007,-636.7969424,-317.8634361,-206.5459217,-1129.055126,-1368.296455,-700.8290021,-1223.599645,-1558.092674,-827.8472173,-1436.789318
155,-1029.701299,-789.1337807,-1458.710005,-659.6449639,-311.1348587,-101.5748668,-153.9642112,-1447.384878,-1115.518152,-1216.196651,-876.5677701,-1169.953252,-1074.147633,-1294.023857,-1116.010382,-905.3170053,-294.912322,-1058.084859,-1425.930772,-753.4390904,-1125.964224,-1570.903146,-844.5929229,-1452.321212
156,-1113.77419,-800.7172615,-1291.547096,-155.8896927,-385.8651276,-311.0026816,-639.7374243,-1480.835115,-1019.552149,-1099.184063,-1372.316332,-1131.360977,-1214.708626,-341.1910581,-967.0687682,-326.1429938,-231.9612215,-1008.673948,-1434.735644,-457.3247892,-1312.642988,-1507.400123,-282.623059,-1429.797332
157,-1132.321589,-746.7002587,-1407.922824,-714.2919509,-424.8435493,-556.8497016,-253.5548848,-1572.313243,-1211.940602,-1147.92901,-469.521508,-1337.218576,-1290.450587,-989.9536978,-1064.095114,-542.5640627,-287.212527,-1046.083799,-1330.173962,-466.2500393,-1334.162777,-1612.662624,-640.8284431,-1420.971731
158,-1007.546546,-906.8788907,-1369.934341,-414.6846473,-628.8669245,-1040.734656,-127.4602396,-1344.352404,-1220.924961,-1055.056916,-1105.294094,-1264.266278,-1111.600058,-856.4863206,-963.0825491,-293.5142305,-401.0657671,-1114.344655,-1550.223138,-949.5232557,-1329.30335,-1560.137248,-400.7923743,-1519.538148
159,-1091.219429,-570.6776281,-1415.641897,-1066.875557,-547.4935559,-339.6251368,-125.7748291,-1248.131917,-1125.882258,-1104.442669,-1019.999163,-926.6670339,-1127.424311,-1215.860824,-1097.697393,-227.9326042,-231.6284228,-1029.894233,-1169.275184,-1140.885216,-1368.682893,-1586.2252,-554.1030509,-1459.866111
160,-1160.761652,-925.3175057,-1303.267753,-1110.934324,-831.2671028,-404.2663879,-347.8167866,-1331.686138,-1005.138857,-1042.096782,-988.8825835,-719.5925,-1171.974993,-1074.753001,-732.867237,-395.2071661,-313.8423417,-1171.659822,-1445.617934,-715.6639974,-1461.943628,-1550.353881,-1187.040532,-1357.081971
161,-1171.401771,-901.3129024,-1447.909195,-1149.927551,-691.90731,-495.3135795,-626.0192521,-1472.203022,-982.8660429,-1264.128285,-1014.929509,-1161.1649,-1313.934611,-1290.088325,-428.2222829,-427.5031132,-549.9280623,-1112.847187,-1218.993052,-578.9058152,-1413.401065,-1528.670978,-807.0582518,-1106.528336
162,-1251.6865,-865.719032,-1541.804649,-1318.032802,-653.8499587,-628.6586738,-201.3730852,-1353.689816,-992.6119354,-1338.036224,-1052.080391,-1011.390682,-1181.69229,-718.8097643,-676.0857499,-301.107625,-376.7912496,-1083.335153,-1402.407213,-875.9974287,-1520.945769,-1565.874316,-592.0871734,-1426.337275
163,-1178.75802,-1129.157769,-1373.183793,-213.6759766,-418.6525018,-784.3372803,-156.5596444,-1445.481163,-796.8318905,-1041.821959,-829.1143626,-696.3271989,-1327.355348,-437.8177285,-838.6733372,-390.1188056,-271.2002976,-1036.811129,-1273.790049,-934.8868,-1540.05225,-1583.198652,-1131.745754,-1341.170119
164,-937.8245418,-967.4908462,-1397.259575,-729.6619872,-585.5739798,-669.3789934,-486.6576423,-1370.715002,-821.1139542,-686.9842774,-159.7772526,-822.455974,-1209.019245,-648.2708516,-806.7929137,-665.0245497,-288.4882394,-790.2096314,-1160.976179,-603.0515996,-1558.585285,-1630.10501,-1084.097334,-865.6905032
165,-1048.512805,-847.0451824,-1242.272322,-1207.099127,-703.7726899,-981.3079546,-451.249573,-1460.677134,-921.8524893,-787.2085446,-1187.431571,-853.4186465,-1051.22161,-1238.215349,-1133.533083,-700.776169,-547.0661742,-972.2336704,-1224.178813,-944.0898436,-1583.70865,-1506.071523,-704.8195072,-987.2961096
166,-1082.357334,-866.5183683,-1501.266407,-1403.284653,-717.8445982,-919.2993141,-386.3986544,-1537.307852,-1183.06043,-1391.341281,-952.1701894,-786.67555,-1225.539723,-1083.414651,-670.1879421,-357.9666821,-824.3815207,-283.7139334,-1359.60629,-718.1998468,-1555.381598,-1596.711963,-958.9446421,-876.3480185
167,-1149.208758,-1108.80158,-1232.330061,-951.05592,-823.1193984,-1080.009702,-482.0676835,-1477.360291,-1084.942905,-1108.946414,-992.7757046,-1129.868727,-1077.029226,-1298.863005,-617.2233729,-445.8343884,-168.5797909,-525.4332985,-1262.466298,-592.8881409,-1569.898182,-1534.64272,-1231.149221,-995.9846016
168,-1091.36595,-1077.763459,-1332.559271,-1141.425572,-689.1284322,-1078.600873,-309.9505408,-1603.310378,-1294.694866,-1220.968314,-450.5698834,-890.5351507,-694.1435663,-1053.238023,-486.0061389,-329.8932583,-316.2258844,-801.381189,-1337.881471,-474.2928654,-1599.724858,-1583.784991,-1053.282128,-1257.563623
169,-1170.641672,-1015.071604,-1274.440006,-1379.705811,-324.9267471,-760.2380026,-413.2832176,-1497.927224,-1283.287087,-652.7669213,-654.1490926,-986.6617599,-1108.602551,-582.3851184,-676.2658287,-512.9528431,-266.037271,-139.5734194,-1245.411837,-515.2669344,-1510.273079,-1615.209334,-667.8193114,-1340.72484
170,-1073.970034,-920.5223674,-1492.748407,-1257.040241,-812.6648594,-938.6231061,-278.8883513,-1467.716605,-1356.690671,-979.1733652,-948.8036982,-993.2423777,-1084.664575,-785.0131084,-1127.266916,-371.8343988,-667.5473345,-226.0766032,-1134.904918,-409.9650184,-1539.513353,-1550.613153,-1003.114683,-1385.832948
171,-1109.816449,-899.5055994,-1382.585262,-1355.0236,-219.7438824,-892.7254258,-989.3232932,-1561.858616,-1287.144165,-1253.657995,-993.0497654,-991.1835419,-1095.221786,-429.6446138,-588.764426,-430.6977814,-929.2558603,-421.4573534,-1240.245198,-794.0075937,-1483.205622,-1556.444843,-993.2425623,-1336.776897
172,-1198.686811,-853.4937583,-1519.133682,-1176.258545,-939.3569836,-873.0250252,-589.8447456,-1329.049741,-1409.817338,-931.1469396,-1051.445246,-954.2341525,-864.7022579,-590.6197218,-1247.900672,-555.5243025,-350.8709789,-280.8176325,-1271.387957,-351.5548866,-1432.888125,-1440.819498,-1285.185692,-1343.84895
173,-908.0476601,-1058.753979,-1449.541261,-789.7652641,-902.1017362,-1150.278772,-676.0146842,-1543.582163,-1490.530463,-924.1237156,-1081.467382,-1139.519785,-1058.82318,-1165.922673,-854.6219736,-626.4722639,-449.7985948,-96.58110242,-1114.617544,-147.5077689,-1558.230179,-1361.074431,-1038.187637,-1358.374527
174,-1094.518402,-886.7313375,-1473.551972,-740.1414602,-934.4795825,-1159.519066,-311.3205146,-1468.171146,-1480.61451,-1303.319768,-1002.047873,-1148.90102,-989.1932538,-874.9734421,-847.0029305,-392.113301,-495.1376209,-472.8144499,-1078.336925,-199.1522159,-1581.693865,-1592.14661,-1247.552025,-1486.328895
175,-807.620919,-846.8826309,-1412.640835,-1162.272443,-839.0337359,-740.0423148,-310.7357064,-1537.829389,-1434.62719,-1093.279152,-1062.969613,-948.1343159,-1027.13674,-459.3866956,-786.129082,-427.3807365,-1118.040702,-537.4772885,-1215.73204,-234.564646,-1634.077611,-1539.801632,-994.4705324,-1349.049571
176,-1050.610474,-820.5545093,-1411.345968,-1325.348499,-1175.98619,-441.807441,-670.9869886,-1446.873264,-1322.250446,-848.1746372,-904.9541035,-978.1833667,-431.7824501,-131.9848721,-670.1588127,-486.5299605,-290.0511577,-215.1961957,-1245.218773,-505.2027455,-1550.205398,-1437.22971,-1167.855056,-1451.973468
177,-1088.890265,-740.2899851,-1293.518804,-1048.963912,-897.4721871,-482.5015713,-243.2861184,-1437.298594,-1379.685899,-813.8452681,-1411.106322,-547.0424814,-878.0053653,-400.5910689,-904.942571,-440.8612393,-309.6342646,-446.9046055,-1237.623313,-504.3147701,-1581.356631,-1534.003041,-1307.874677,-1461.36651
178,-1107.89292,-884.5070417,-1499.459061,-696.4776321,-882.7207138,-248.5168163,-501.1428012,-1490.196767,-1523.564704,-804.6156821,-553.7153319,-484.1671814,-898.8563451,-302.6519211,-950.0661927,-398.4598716,-403.8590459,-218.1067088,-1151.431402,-703.3408842,-1591.819048,-1504.819362,-1185.07757,-1373.82408
179,-1134.220895,-646.9540325,-1295.462407,-606.3392484,-1023.136452,-575.2285216,-654.1366306,-1346.828314,-1553.283927,-400.023555,-960.7415968,-827.8581919,-917.8733207,-615.6840621,-899.9296274,-370.1084685,-505.7459511,-519.6442422,-1298.14068,-137.1745232,-1534.855899,-1322.136639,-1243.549078,-1417.222115
180,-1061.88941,-685.0940131,-1431.760211,-676.6639763,-1141.779524,-831.560458,-525.32738,-1330.162243,-1555.917642,-1102.359792,-1360.207491,-831.1697663,-828.4019092,-267.719604,-897.0958284,-96.21909318,-579.9284969,-416.64148,-1114.034469,-253.668251,-1459.951023,-1520.077813,-985.2731552,-1429.175305
181,-942.6515774,-904.5133345,-1440.768264,-968.1722921,-1287.310147,-968.6435959,-418.566067,-1377.437924,-1493.553224,-736.6167049,-1370.79807,-979.8893004,-1006.121784,-817.3692353,-1061.547224,-165.3626578,-729.6842787,-651.5666294,-1236.631499,-1049.65736,-1622.332556,-1191.634454,-1136.978545,-1430.3785
182,-900.8822738,-1180.083243,-1491.219739,-427.0967914,-1439.543066,-789.3016361,-640.6303792,-1194.26936,-1582.954351,-355.2482095,-1173.862775,-999.7405191,-1009.151674,-412.9009729,-1057.921449,-433.5365387,-581.6259646,-645.2580359,-1347.02969,-1189.670669,-1544.093288,-1574.344852,-1138.964475,-1304.24502
183,-964.4168818,-1188.38639,-1434.096877,-1001.473984,-1112.032346,-1058.637359,-656.3117701,-1482.015632,-1494.973362,-448.9658328,-1476.279232,-824.4447895,-901.0959772,-627.7025203,-888.125567,-227.5793327,-130.0687669,-1058.633813,-1133.135555,-1140.356313,-1585.837275,-1467.599542,-1060.134964,-1481.790496
184,-1456.931967,-1245.14996,-1466.766594,-405.9098163,-1436.066335,-1177.266211,-642.227685,-1420.729627,-1487.222673,-900.3479465,-1319.904027,-910.6603575,-486.5376804,-395.8932617,-862.540154,-321.6613349,-239.4236566,-886.8715956,-1337.594889,-1181.295578,-1594.652143,-1594.356125,-1196.793266,-1287.956927
185,-784.8761794,-1139.740408,-1310.434648,-723.2559676,-1282.163661,-909.5984343,-163.7241149,-1390.803809,-1482.178301,-1068.922889,-1360.559766,-745.9131387,-854.4029686,-296.5753258,-860.2848013,-447.9168455,-345.0748639,-558.5663877,-1365.397371,-1369.129486,-1350.299875,-1320.124713,-1227.505292,-1412.885735
186,-445.3958579,-1365.04309,-1550.151276,-975.2807043,-1226.473422,-1124.77656,-179.4507539,-1073.037703,-1497.922452,-494.7112657,-1480.806557,-938.1150248,-581.7758946,-169.9212191,-907.5929258,-1028.302399,-473.7623691,-609.9288499,-1334.801221,-1068.359675,-1380.178889,-1206.614928,-1256.407235,-1524.65463
187,-392.0697384,-1281.458031,-1367.225466,-1350.790295,-1195.917658,-885.5911417,-97.46240799,-526.7719482,-1525.344419,-666.9296418,-1332.647223,-376.9115351,-918.6625166,-133.1890397,-905.6454506,-970.3463681,-502.3111878,-978.8228397,-1191.082254,-698.0685218,-1432.995477,-1369.089215,-1371.96159,-1455.849831
188,-608.5977083,-1191.432568,-1283.776952,-1307.611082,-1337.805092,-141.4872122,-405.4903218,-848.5105313,-1496.3469,-939.442816,-1485.492078,-522.5798289,-843.9353026,-354.7007429,-931.2286329,-159.1198073,-595.4169732,-921.249894,-1411.185591,-266.5980091,-1571.453084,-1385.326096,-1292.139582,-1490.261588
189,-612.3720197,-1161.487019,-1435.313615,-1300.274672,-1318.81578,-682.6220402,-394.9492385,-763.9050152,-1489.730261,-863.8107481,-1274.64643,-359.4773342,-496.2404561,-167.6674045,-844.7992906,-475.2748925,-510.7456876,-1036.938822,-1180.422446,-451.5385741,-1518.063049,-1399.252444,-1382.702076,-1347.62845
190,-471.3019347,-1369.285955,-1484.330131,-712.649996,-1306.874222,-586.4384759,-595.1877897,-689.8221841,-1601.913455,-223.8392572,-1541.906637,-580.5365918,-783.7731684,-234.9759783,-864.6090568,-254.5167346,-379.0117441,-324.3602533,-1228.469526,-244.0231939,-1368.240536,-1478.236114,-1008.440992,-1298.492894
191,-461.6311877,-1309.926825,-1510.165221,-1123.540153,-1374.134114,-694.7036395,-730.6318991,-1075.193503,-1585.895105,-334.9575669,-1505.048417,-287.711154,-1003.459206,-828.0928494,-918.0518304,-128.6607907,-636.1601703,-1014.337483,-1198.71456,-1109.363245,-1437.867252,-1483.398429,-1238.425461,-1115.416365
192,-1003.219608,-1292.4334,-1617.326334,-1392.391872,-1360.492091,-315.3314119,-423.6832873,-1141.732302,-1498.872282,-949.9832404,-1445.068521,-260.4530799,-522.2290957,-791.9724287,-1039.742867,-283.9125774,-513.1861617,-776.9101698,-1215.634074,-400.005107,-1570.988485,-1456.381484,-937.1476437,-1102.474368
193,-1062.821516,-1220.766131,-1222.781856,-591.0110136,-1468.569591,-767.4101058,-459.3277149,-1007.259842,-1572.694068,-225.7047257,-1483.591779,-229.8344947,-781.3074098,-246.8224446,-898.80823,-683.9333341,-619.8937612,-1145.344795,-1029.483005,-970.9123896,-1575.829552,-1493.077246,-1037.953392,-1287.564765
194,-466.2904222,-842.6910992,-1455.840313,-560.5808088,-1378.194416,-767.4311411,-350.9480302,-804.3132855,-1593.443639,-592.2934813,-1517.744582,-523.9741505,-869.4383018,-202.580335,-952.8478809,-436.1085115,-656.5872218,-1111.101603,-1129.535391,-552.720594,-1613.534496,-1373.343767,-1001.706563,-1028.83019
195,-1188.682932,-945.14833,-1457.768296,-924.9555034,-1514.743076,-602.8665886,-600.2492776,-673.8424824,-1625.086211,-762.664811,-1447.662069,-694.7771386,-1012.789608,-434.8193278,-912.6138071,-359.8963671,-599.9571378,-1182.763752,-1271.167172,-895.5760673,-1575.240828,-1421.195778,-1329.981739,-1192.942615
196,-949.3148808,-873.0492497,-1434.2467,-1013.204452,-1484.520932,-519.5564818,-538.4885172,-571.8801108,-1548.429081,-970.4582072,-1479.995906,-427.331904,-712.6980179,-552.5581127,-970.6406088,-324.2135236,-237.4052866,-473.2560103,-1094.649273,-549.1856879,-1497.763411,-1356.008875,-1458.178761,-990.7238704
197,-887.4435421,-1039.682017,-1270.624225,-970.8386815,-1434.824298,-323.5770486,-398.4963157,-860.7335495,-1590.523826,-1007.450479,-1409.81471,-400.1132574,-1164.178995,-1186.131913,-928.5458702,-96.2636545,-458.4675486,-551.2487338,-1015.605744,-205.0483373,-1572.553422,-1482.317621,-1325.685165,-1017.056024
198,-958.7197648,-1302.264624,-1277.086366,-1357.991607,-1469.513319,-521.9512301,-198.9236703,-900.4427807,-1538.207566,-889.5084991,-1348.564155,-373.8509234,-757.8845079,-1021.435228,-913.55742,-155.8975156,-266.745982,-854.868785,-1028.826567,-371.1874482,-1607.820405,-1597.41309,-1310.434257,-949.2020726
199,-1208.461682,-1247.631341,-1613.008937,-1031.680942,-1284.786592,-720.5253992,-517.7533591,-666.8260462,-1534.252871,-1108.840535,-1294.462505,-259.4070937,-799.6259572,-836.1543978,-839.8771561,-309.2004899,-273.8940836,-1290.996397,-793.5554468,-687.116636,-1599.626565,-1480.427764,-1334.425547,-1069.476307
200,-1051.695122,-1178.093576,-1518.873559,-1073.782444,-1438.679967,-99.91588964,-190.4218145,-886.5216484,-1552.678009,-1137.735688,-1478.920372,-396.6417537,-911.2533278,-697.182281,-879.491866,-545.2685323,-720.8731484,-1237.538954,-913.4611648,-1159.621815,-1571.106339,-1418.847743,-1093.435458,-1064.505246
201,-1036.415052,-1008.510497,-1455.365712,-1245.060538,-1438.540214,-345.0470087,-158.4288261,-812.5571083,-1567.735856,-1148.180306,-1508.302195,-585.8606986,-802.3462689,-682.913998,-888.7075562,-195.2411614,-344.1398229,-1245.354871,-1040.1939,-512.126553,-1551.497607,-1394.535149,-1339.30121,-1024.754184
202,-1198.273856,-1052.442682,-1521.600882,-1206.231658,-1462.741217,-316.489327,-225.548642,-826.7125987,-1558.97586,-904.3562011,-1514.494207,-869.808776,-1030.617698,-632.0178069,-874.0684231,-380.1926659,-522.0130009,-1255.849947,-797.5227703,-106.8815246,-1612.8322,-1563.060727,-1509.501831,-1080.725128
203,-1294.829764,-1356.747561,-1320.130403,-1332.883468,-1423.026206,-138.0031258,-250.0096509,-780.3791537,-1544.14345,-840.6631985,-1288.193274,-1032.537756,-850.4999661,-761.2939611,-874.6375895,-507.4092711,-558.1450521,-1282.799036,-775.7551544,-411.8229245,-1567.352528,-1595.258527,-1382.048832,-1153.283494
204,-935.5203705,-1144.344837,-1495.135997,-1328.579569,-1501.923536,-316.8655583,-384.1115061,-1055.462841,-1558.470811,-1058.460474,-1539.852281,-1089.489588,-961.8880421,-817.7927901,-862.13607,-527.9217993,-270.3069334,-1325.291653,-579.9948014,-268.5254585,-1550.779136,-1450.498609,-1201.87881,-1162.872261
205,-776.9931743,-1330.972229,-1406.271644,-1226.521774,-1455.511722,-590.9937251,-478.8193974,-978.3383492,-1559.415778,-1067.959739,-1524.029824,-1083.637834,-1194.617377,-1181.364031,-900.3429693,-563.6036643,-370.2742654,-1353.769123,-781.2027921,-621.7914574,-1620.813409,-1445.752694,-1399.602832,-1080.920751
206,-673.3146384,-1249.867283,-1382.584509,-1078.812995,-1440.414505,-101.2912243,-457.8966947,-1033.46342,-1552.699842,-1138.704247,-1391.319241,-1147.463298,-1010.811133,-947.859678,-986.5008398,-592.2188597,-642.3570874,-1189.471728,-831.1089313,-584.2287861,-1626.819213,-1330.436624,-1346.842557,-1090.98165
207,-689.5196393,-1476.571931,-1475.864998,-935.4360342,-1494.222376,-676.9409485,-513.5557826,-1052.008673,-1522.174877,-1046.190629,-1369.773372,-1250.402059,-867.1839504,-833.7415724,-954.6274113,-834.0220606,-515.582629,-1299.897385,-166.961375,-1069.596513,-1520.722818,-1590.073262,-1437.775685,-1204.171115
208,-1025.863836,-1216.085467,-1454.104533,-136.5183666,-1564.588939,-1199.697651,-478.4621324,-1037.261291,-1487.406614,-1002.837108,-1450.285027,-1265.733674,-980.9251376,-789.9840424,-885.9387781,-677.7488096,-762.7238255,-1358.866328,-263.2622232,-1185.981398,-1616.656661,-1602.335451,-1368.845102,-1112.119746
209,-918.6382615,-963.5258474,-1379.974805,-265.5985483,-1509.521663,-674.0250012,-530.3108714,-1103.13449,-1489.861018,-1180.328348,-1481.770476,-1138.678195,-1189.82856,-572.3652829,-925.0208937,-702.3791727,-453.9268303,-1184.375517,-1169.030349,-1166.498017,-1556.341046,-1608.64154,-1316.822213,-1285.246382
210,-833.8852311,-1120.752521,-1577.443809,-277.7682433,-1635.553182,-466.5273934,-772.4389415,-1117.464262,-1588.992482,-1181.581698,-1553.485498,-1285.71341,-930.8116896,-421.5563165,-1039.736617,-577.9064976,-689.9826796,-942.4864777,-1100.15194,-889.1771282,-1552.669313,-1555.684048,-1511.602753,-1229.593586
211,-863.40888,-1069.695472,-1509.215307,-473.4342069,-1786.038979,-445.1710188,-821.3678035,-1107.005925,-1572.400646,-1344.267162,-1417.287155,-785.5871706,-818.2455417,-643.5646918,-1016.476093,-681.830117,-320.7313489,-1235.759094,-553.1488265,-1142.70865,-1588.372153,-1557.89469,-1591.722127,-1149.629379
212,-316.3363676,-947.0521901,-1341.908015,-579.816159,-1560.754042,-670.0810915,-738.4241487,-997.5534194,-1606.812761,-1339.467487,-1297.834888,-1149.770353,-1076.748977,-662.8891915,-951.7509469,-523.8475209,-146.8081086,-1063.794133,-578.525172,-1072.056279,-1569.579706,-1528.09236,-1476.858928,-736.699087
213,-613.2493611,-948.3628269,-1452.652892,-270.4220193,-1557.046491,-1052.22453,-534.5032889,-1132.988975,-1634.731688,-1225.388695,-1403.095477,-1238.985914,-1077.126142,-450.4714964,-979.6090009,-547.7063688,-534.0239332,-561.3132955,-673.0767033,-1022.113965,-1559.711437,-1553.111833,-1381.636399,-906.7980236
214,-553.363475,-861.3844405,-1329.385974,-294.1030991,-1672.025581,-1154.679305,-696.6777334,-1089.796862,-1574.431271,-1134.635819,-1448.367077,-1354.251002,-897.0871932,-393.8001417,-957.0989238,-682.7181327,-332.8786733,-813.9193019,-856.7929897,-650.0130906,-1604.154148,-1585.584255,-1475.214541,-1380.628709
215,-275.9706511,-992.1149654,-1344.124748,-345.8073692,-1683.05213,-486.0852311,-758.1662293,-1095.470449,-1562.315115,-1195.582176,-1500.198928,-1445.872399,-984.0419656,-712.6303513,-995.2978561,-425.859531,-268.5927017,-790.5940317,-919.2804414,-1045.251223,-1601.869187,-1468.703403,-1466.788527,-1426.41398
216,-241.2553434,-997.3402954,-1437.789236,-666.3513552,-1721.875568,-670.1937668,-610.1849163,-1151.370138,-1595.12437,-1013.366495,-1461.786027,-1510.372529,-643.1291281,-287.393609,-991.9452736,-693.2571005,-450.0171538,-405.3377755,-736.2940024,-980.3376993,-1615.474373,-1397.461718,-1274.385285,-1396.575657
217,-208.6778968,-1095.427566,-1613.840879,-730.5171187,-1606.848073,-1084.562061,-614.0451964,-1018.33758,-1511.466588,-1382.200624,-1558.812117,-1499.690965,-411.3502817,-454.2935097,-1019.984864,-664.0381105,-475.7370815,-471.5502211,-712.973281,-870.6771338,-1562.673995,-1513.132563,-1408.884781,-1494.553044
218,-266.03756,-1196.546111,-1448.34369,-1058.798103,-1569.380345,-1239.766693,-518.5120411,-1207.538214,-1546.854509,-915.9638345,-1525.679754,-1549.675331,-532.3562795,-780.6111838,-942.7376356,-713.4383283,-275.8343944,-974.9346032,-783.058473,-676.9115459,-1622.140886,-1424.665438,-1290.926435,-1463.205693
219,-294.5885992,-1145.555999,-1498.470281,-701.4757484,-1586.135805,-1223.684638,-348.1630318,-1189.374351,-1371.697202,-1172.26559,-1516.152075,-1480.574419,-321.6669429,-1043.325277,-983.5636919,-914.2311783,-401.1778009,-587.6365428,-749.8017407,-245.0634625,-1566.384377,-1474.767688,-1235.687891,-1451.336531
220,-555.7527988,-1138.489677,-1251.847462,-727.4266567,-1428.662206,-756.2010129,-537.298554,-1394.860293,-1295.830628,-942.3070122,-1567.206197,-1475.758989,-529.6121498,-571.66643,-950.7030485,-762.7034425,-201.3016013,-352.0545513,-1004.186869,-1374.038782,-1531.272179,-1518.020328,-1257.196176,-1463.060098
221,-166.2487807,-1211.129874,-1577.414945,-940.5203397,-1482.396863,-436.2521374,-396.4904475,-1330.032882,-1261.848436,-1075.836601,-1439.030375,-1525.398314,-502.732823,-663.515982,-1075.021047,-1019.725708,-579.1808484,-916.0510641,-960.86375,-1173.717501,-1542.431729,-1335.228885,-1365.866055,-1488.114152
222,-441.0037022,-1211.250695,-1386.033553,-318.3065483,-1432.70279,-896.1611622,-535.5637446,-1307.987457,-1321.33978,-472.295937,-1502.390098,-1535.562079,-628.8157975,-787.0009444,-986.5782129,-748.4151809,-862.7437476,-697.2179072,-692.5069112,-1049.590047,-1602.79702,-1482.441079,-1527.88465,-1477.998069
223,-131.6623434,-1282.034655,-1521.534133,-868.2850813,-1536.129188,-793.4655401,-740.1523852,-1322.339224,-1446.583005,-1591.598525,-1525.655018,-1386.906731,-560.438145,-1363.378916,-1056.474575,-382.8372815,-564.4853644,-725.5211994,-667.1920045,-1166.832902,-1564.30556,-1278.332606,-1593.468648,-1510.973867
224,-387.628183,-1349.393073,-1295.998094,-820.2838852,-1529.621679,-294.6873266,-519.37412,-995.5095805,-1578.053579,-1216.739563,-1488.00654,-1516.98961,-595.6112202,-1060.420554,-969.4411268,-520.1256781,-426.212858,-478.3903072,-877.966406,-992.5508546,-1603.521239,-1373.016637,-1418.262926,-1505.025373
225,-233.3898493,-1144.990035,-1419.528465,-962.806438,-1541.027509,-613.2799409,-283.7718355,-1110.217776,-1381.444357,-1159.299522,-1305.274428,-1453.675428,-634.7157684,-1213.661471,-1039.003871,-218.0288953,-371.6444243,-294.6956139,-859.7955729,-827.1434508,-1585.522526,-1312.375665,-1358.94496,-1465.891459
226,-300.2214871,-1201.3832,-1562.940696,-952.1720819,-1480.444394,-585.5398284,-225.4401924,-1188.44195,-1289.43309,-560.2519084,-1455.102207,-1526.855714,-796.3958221,-528.5863698,-1079.972516,-615.4984707,-394.0041107,-815.479195,-855.4363544,-988.2628505,-1615.500383,-1266.99211,-1470.572126,-1472.755004
227,-97.17793863,-1289.558922,-1331.639493,-954.9071423,-1535.178551,-132.2184704,-284.3920197,-1157.635851,-1257.592557,-788.4412558,-1589.260804,-1539.977111,-711.4684444,-575.4735829,-1168.731709,-656.5160938,-478.5453541,-950.0069638,-898.0730074,-1131.964927,-1634.039842,-1296.006409,-1600.263646,-1459.111672
228,-237.0454805,-1233.761051,-1542.492545,-1060.496571,-1502.555791,-400.1280036,-453.4931894,-1102.575786,-1437.094137,-560.2436198,-1529.008931,-1473.405012,-834.3547003,-417.3680605,-992.4190274,-163.1435658,-233.6162429,-526.3712144,-747.1790885,-1173.752857,-1573.838042,-1524.647049,-1497.50727,-1448.754311
229,-167.7198454,-1364.561072,-1398.695892,-1204.244024,-1414.754113,-945.9237339,-783.8214214,-1329.126021,-1606.723232,-1137.208503,-1507.509894,-1475.544936,-757.6198969,-440.2243942,-959.6849026,-293.3664685,-408.7375069,-411.0241098,-911.4735114,-1388.869653,-1552.642003,-1441.187783,-1485.785199,-1497.970873
230,-226.5878593,-1273.801413,-1546.893549,-1101.484016,-1652.48966,-358.603854,-516.7598117,-1381.978135,-1245.358366,-469.1628945,-1569.811527,-1562.976496,-819.0893817,-719.8608339,-899.0981932,-474.2728639,-920.8886298,-697.121937,-805.487822,-1247.971291,-1535.666029,-1329.633082,-1498.580826,-1552.607783
231,-162.256941,-1318.552388,-1322.911013,-1162.611317,-1484.639886,-703.6269021,-600.8518858,-1468.088432,-1197.016569,-1269.991444,-1515.771249,-1562.718063,-978.2751102,-614.9613825,-977.0205738,-176.8324005,-1182.437541,-129.2677246,-1047.704332,-1405.662926,-1566.025567,-1358.776705,-1462.379573,-1328.181791
232,-352.2962086,-1302.882955,-1469.18862,-1357.135577,-1509.806887,-424.2553774,-385.7226312,-1537.497757,-1462.87446,-782.6329714,-1550.501977,-1542.778087,-1030.895004,-978.246807,-849.7359785,-460.7867352,-1031.849511,-820.8129442,-1098.112949,-1336.372366,-1508.690227,-1540.573086,-1535.442045,-1487.387979
233,-429.3163147,-1387.982909,-1469.40988,-1234.469928,-1570.516843,-492.5207559,-473.716307,-1455.027588,-1385.995227,-1114.683312,-1523.46639,-1547.843848,-1021.427511,-1021.524755,-899.8082382,-149.3149912,-1014.501368,-1069.619462,-1085.004621,-1383.872368,-1606.076925,-1156.303859,-1252.982683,-1471.038844
234,-313.5968274,-1469.778898,-1505.221194,-1110.766979,-1499.871943,-553.998233,-224.2611105,-1554.4948,-1321.383905,-1082.956524,-1553.23544,-1507.782219,-897.1946379,-1216.274657,-766.2645649,-268.9236363,-1092.061512,-699.6836581,-1070.807748,-1418.185634,-1517.169763,-1475.77096,-1270.362285,-1465.812885
235,-233.1982249,-1323.371639,-1281.43809,-1368.529569,-1512.245536,-521.5215292,-383.9103699,-1525.913541,-1328.223079,-1164.177464,-1557.419094,-1499.145969,-844.6969815,-1178.788555,-783.338937,-506.2532137,-535.2239772,-961.1461925,-878.9414415,-1313.784733,-1571.15306,-1472.823627,-1358.312795,-1422.447548
236,-1051.050966,-1408.381186,-1606.270402,-932.7030079,-1534.330526,-360.8907103,-382.5193296,-1368.877611,-1338.637188,-1197.800193,-1570.538528,-1513.879825,-773.9907995,-854.0318427,-826.8559235,-304.1264029,-322.2343724,-991.029499,-857.0571086,-1065.518118,-1562.134123,-1379.31462,-614.0137898,-1460.181797
237,-837.3930469,-1362.868326,-1377.430067,-1059.517201,-1499.742721,-797.61061,-66.25154461,-1430.751453,-1329.437686,-886.8733604,-1586.124295,-1588.378656,-815.8889729,-698.5170271,-769.4358801,-254.7583967,-940.3198719,-1275.371733,-797.8084835,-1023.249621,-1581.241354,-1245.599802,-992.6631173,-1492.441886
238,-236.0059877,-1530.195046,-1304.805978,-1096.330061,-1455.594526,-856.7843377,-633.4716812,-1516.973957,-1492.677726,-1192.064623,-1562.157596,-1548.771694,-954.8780818,-891.6446794,-809.7755648,-621.9751221,-848.3756755,-950.6703543,-786.2332071,-969.3441011,-1607.082668,-1403.685892,-1013.142271,-1505.420032
239,-709.6597075,-1393.05803,-1305.115014,-1177.505662,-1530.488585,-1122.842783,-612.5764785,-1443.380414,-1230.803654,-802.0631048,-1547.727941,-1614.674262,-1201.179693,-611.5656578,-879.2069281,-649.8376746,-740.1765066,-1308.532969,-735.3671117,-792.2017889,-1548.482528,-1431.579607,-1366.88553,-1412.167654
240,-334.6517806,-1358.719527,-1320.731992,-1247.561544,-1491.929679,-908.2789647,-485.0045084,-1373.578301,-1345.534899,-757.0685662,-1589.548931,-1591.551844,-1020.571791,-948.0933815,-841.0498939,-637.474454,-1280.304804,-1019.332056,-605.9720965,-811.8743655,-1566.025274,-1454.546088,-1390.097378,-1380.148897
241,-135.1522451,-1340.923684,-1404.82328,-1099.602583,-1449.838677,-824.2977917,-231.2732657,-1480.358183,-1467.685436,-1229.953936,-1631.77981,-1569.757083,-925.2668597,-543.320081,-841.8788557,-598.3204472,-1140.341419,-1360.389496,-738.4127935,-445.2188828,-1564.038047,-1433.30243,-1069.031147,-1321.560705
242,-480.5831299,-1330.276019,-1448.016468,-1225.431029,-1262.169716,-711.2656846,-549.7846158,-1508.593592,-1426.855442,-1168.00851,-1595.23076,-1561.015492,-950.9569981,-876.7805962,-941.92246,-987.7913808,-432.315949,-1320.62348,-780.6585166,-130.3178527,-1572.503431,-1193.747734,-1541.863344,-1357.400676
243,-686.2524209,-1296.570248,-1323.963107,-1137.102893,-1332.327183,-803.563187,-951.0158949,-1577.002428,-1583.7051,-1009.253041,-1562.700575,-1559.696056,-1216.178476,-906.8917125,-819.9456186,-382.5506077,-1381.665903,-1330.756025,-763.9967303,-951.6638736,-1621.637939,-1393.910349,-1487.71696,-1494.279747
244,-456.9465817,-1248.140689,-1414.313852,-1037.646636,-1339.410705,-790.1532887,-852.8068076,-1610.2272,-1374.282399,-1421.562406,-1608.858293,-1567.412844,-1058.470837,-1043.222189,-927.2716127,-427.7331442,-413.4806374,-1387.214347,-999.731368,-493.2279139,-1609.507503,-1320.455763,-1454.367658,-1424.654832
245,-490.3684331,-1283.583784,-1487.01798,-1032.15027,-1351.61946,-1249.103341,-693.2584396,-1563.440749,-1230.783303,-1113.290912,-1610.889031,-1517.360291,-1182.885437,-1016.833437,-847.4087465,-162.438753,-714.354118,-958.2482747,-1084.807778,-977.1005316,-1601.693192,-1627.852723,-1435.906906,-1363.204806
246,-528.9536996,-1196.84577,-1343.242286,-1121.005235,-1335.322756,-1025.19162,-521.3789211,-1597.645099,-1504.689932,-1163.652563,-1591.846029,-1508.908693,-1315.281146,-1092.911489,-937.4346537,-360.8722753,-482.7728506,-643.4745775,-1136.779863,-683.1330952,-1553.125218,-1471.876724,-1327.013192,-1503.702336
247,-286.8668753,-1282.468917,-1651.736212,-1119.4587,-1153.065984,-1227.688948,-451.6352708,-1584.911956,-1447.123949,-1369.524653,-1598.409731,-1576.495527,-1240.232496,-1244.062111,-779.1315632,-34.44396289,-197.8072704,-1368.403327,-842.4621221,-370.6780431,-1485.052945,-1424.043826,-1332.008205,-1349.154669
248,-174.809734,-1291.624112,-1372.814248,-1046.419155,-1475.709019,-915.880799,-536.9984293,-1584.114333,-1372.205834,-1400.269402,-1556.002443,-1537.152792,-1313.320105,-1106.040222,-831.729264,-554.1056466,-536.8905273,-1297.451906,-1003.932618,-290.6259014,-1586.625092,-1634.720717,-1519.126317,-1596.320372
249,-271.2600091,-1158.508761,-1278.861943,-919.8043859,-1381.046557,-631.2792683,-604.8992112,-1621.926376,-1372.605277,-755.0915667,-1550.701115,-1551.947793,-1315.389994,-1044.675292,-923.7691762,-248.9244736,-766.0165807,-1353.372296,-1153.542751,-533.4768667,-1590.820873,-1531.51862,-1453.786474,-1560.288843
250,-597.7509081,-1161.602224,-1536.75146,-1097.227274,-1196.402793,-1198.576366,-786.1616031,-1613.864059,-1438.20174,-763.0013303,-1594.256643,-1509.211345,-1286.754562,-1081.450689,-900.4862169,-162.9813834,-1205.357614,-1274.922801,-1002.272362,-576.9188718,-1611.501038,-1435.626553,-1361.479061,-1380.707566
251,-756.8349818,-1230.173849,-1241.309393,-1058.544389,-1303.08333,-1259.277128,-832.1477827,-1565.850656,-1638.264744,-1155.631457,-1617.700143,-1459.951753,-1296.305201,-954.5525077,-867.7456308,-155.4116665,-1074.090903,-1380.162166,-1310.174298,-575.4713553,-1557.48989,-1583.42646,-1163.902542,-1462.5335
252,-488.8671338,-1230.004368,-1344.32972,-1106.376367,-1337.21322,-1228.352896,-797.5262551,-1568.322306,-1453.390358,-1493.284114,-1539.523243,-1576.76708,-1347.925993,-951.2685492,-841.5548647,-217.4254969,-1358.005524,-1393.000177,-1066.318562,-450.8458933,-1605.304011,-1568.022542,-1409.843987,-1553.255845
253,-989.5140231,-1363.936312,-1490.623413,-1189.877851,-1304.431608,-1044.068756,-382.4724053,-1589.422911,-1339.234072,-1314.376277,-1560.306137,-1479.712378,-1167.926714,-661.9636589,-725.2653477,-246.0711476,-1557.545913,-1422.050143,-1085.831442,-708.1047323,-1535.246226,-1611.892082,-1345.868712,-1396.748115
254,-1123.53902,-1286.069901,-1445.702255,-988.8146523,-1263.242159,-1182.564273,-160.0403524,-1595.807098,-1581.692832,-1582.381635,-1619.32702,-1512.155217,-1231.549008,-874.5238531,-758.7025118,-216.1694309,-844.9155942,-1527.667435,-1079.229792,-323.9158439,-1561.640293,-1588.00543,-1497.587207,-1423.160242
255,-891.4962724,-1353.317792,-1233.948838,-1019.048163,-1328.32987,-136.177162,-281.6440572,-1583.397826,-1591.686426,-895.499382,-1584.244053,-1391.66887,-954.9544522,-891.6714777,-809.1999174,-312.770186,-1367.289589,-1511.944417,-1257.738914,-540.5705069,-1573.968709,-1546.859915,-1257.461464,-1541.816225
256,-1206.39774,-1217.812883,-1623.981195,-906.1459678,-1317.693382,-1135.518359,-316.3507152,-1592.535505,-1631.347641,-1416.227043,-1601.057625,-1441.47749,-1285.568192,-967.30549,-889.6202005,-456.0920839,-123.733887,-1478.422686,-816.3952884,-780.961749,-1568.014491,-1521.65093,-1177.612278,-1361.950174
257,-1238.199869,-1228.780382,-1540.69734,-784.9939793,-1276.13295,-297.4318693,-378.5975354,-1574.529865,-1537.101208,-1159.894224,-1578.944324,-1411.057303,-894.6903895,-1321.251119,-995.6317736,-760.3336069,-1210.749733,-1434.239412,-1105.715041,-127.5919026,-1554.715971,-1472.941813,-1284.377492,-1410.156129
258,-1234.989589,-1280.389107,-1413.952288,-883.1979076,-1313.431267,-629.955808,-544.4549139,-1610.538921,-1571.353585,-1334.12343,-1611.249211,-1434.667929,-893.7999341,-374.7399449,-934.4268005,-785.6274497,-905.4597294,-1514.954092,-905.8762907,-466.9955279,-1549.590346,-1572.617465,-1268.970739,-1253.400224
259,-1265.268648,-1212.863679,-1418.645283,-902.3658039,-1355.00323,-762.9709993,-623.7072659,-1516.896251,-1592.451502,-1347.47546,-1608.789489,-1415.840349,-765.4905648,-1032.580049,-946.2445631,-635.3365474,-805.1048082,-1342.728192,-1065.21438,-544.0250688,-1572.75916,-1499.251156,-1418.404287,-1257.961857
260,-1244.750302,-1346.91104,-1532.765684,-864.214452,-1479.779639,-688.9172278,-444.4040324,-1572.051195,-1643.056869,-1579.016191,-1564.697221,-1416.851663,-1187.993334,-1152.730118,-1078.836399,-375.3652853,-541.818386,-1438.040806,-1250.410861,-173.7975019,-1617.52557,-1541.602243,-1393.495845,-1392.387259
261,-922.0752174,-1282.107469,-1242.435737,-923.142931,-1363.346344,-706.4563978,-362.8391564,-1542.03089,-1591.369835,-1429.428289,-1579.692444,-1250.349792,-899.9254318,-560.8594821,-923.10368,-288.2909624,-1204.182894,-1516.823105,-1302.108177,-607.2378425,-1565.414239,-1559.434224,-1285.25695,-1332.98419
262,-1253.953022,-1441.719483,-1437.699655,-938.471273,-1356.706077,-535.6095244,-946.4827833,-1374.544722,-1585.711737,-1356.414981,-1565.479289,-1456.592151,-688.8815046,-722.9240105,-924.8969998,-408.6832728,-201.6416783,-1438.80671,-1219.162589,-716.9048922,-1549.032349,-1488.811722,-1310.081932,-1320.915714
263,-889.9136954,-1281.182926,-1529.854943,-962.3072124,-1311.357969,-753.7895699,-664.3050149,-1552.76037,-1612.893754,-1291.650018,-1562.583048,-1394.363524,-838.0413807,-854.3000783,-839.4632943,-285.0466498,-486.628143,-1538.566327,-1148.341457,-773.2645149,-1600.320248,-1588.352181,-1152.384706,-1344.691904
264,-1092.200948,-1393.188618,-1484.409379,-842.8253677,-1199.716829,-651.8009788,-768.8691734,-1518.525723,-1581.72646,-1520.266074,-1629.295688,-1523.933284,-797.771719,-737.0963786,-757.9014636,-510.950431,-521.1615636,-1229.911653,-1297.973052,-462.7889381,-1587.797499,-1524.145937,-1378.765227,-1289.712092
265,-872.7115623,-1426.106992,-1477.660702,-893.3387634,-1461.958237,-668.9211298,-389.1177399,-1489.032353,-1567.284063,-1438.447273,-1609.101134,-1489.813954,-771.8294063,-645.5181621,-922.5573772,-192.064073,-556.6842358,-1498.619075,-1353.162365,-804.6742119,-1584.443578,-1570.149773,-1397.036939,-1368.56052
266,-1237.948596,-1314.360005,-1550.883962,-1049.392356,-1094.117133,-626.3439474,-648.362747,-1291.74722,-1363.597704,-1444.286488,-1599.025649,-1543.134324,-768.8031537,-1139.334427,-669.2942898,-532.3143657,-300.9632572,-1437.979749,-1283.292659,-1018.616314,-1547.757496,-1554.14295,-1394.464582,-1226.129183
267,-1189.236567,-1445.231951,-1291.127133,-1217.428859,-1399.668229,-514.6116264,-1129.017956,-1374.799374,-1462.188858,-357.7825116,-1575.253791,-1405.568195,-740.6451994,-1244.50773,-763.2104964,-592.073345,-287.3750532,-1506.046041,-1287.669936,-1133.459655,-1602.228673,-1493.995792,-1319.492043,-1220.547584
268,-836.023272,-1361.040663,-1471.069678,-1221.021657,-1037.542814,-1169.630271,-1421.978755,-1267.10751,-1469.96944,-1185.95665,-1558.320674,-1446.117127,-654.8702672,-1301.218769,-863.0432852,-162.3475085,-195.4366617,-1483.992964,-1383.661091,-1098.128327,-1576.348634,-1512.597055,-1173.032666,-1329.529992
269,-1085.707329,-1350.710702,-1484.480422,-818.0703438,-1316.021022,-824.3367734,-1393.406494,-1555.426123,-1465.424863,-954.9855485,-1556.244801,-1453.551368,-564.7501407,-1379.256974,-897.8302239,-195.2837912,-282.6170051,-1513.650239,-1342.055982,-1008.502601,-1593.880164,-1482.607701,-1407.554656,-1312.87324
270,-569.0462853,-1282.668634,-1541.052127,-748.2956764,-1256.691277,-701.081691,-1357.533573,-1371.627831,-1449.308636,-1250.130907,-1574.635831,-1079.811502,-721.5275371,-1272.751231,-799.3728781,-222.8417767,-263.0807396,-1541.336804,-1365.03055,-1346.829543,-1616.392367,-1516.424475,-1460.28048,-1423.639756
271,-1187.986548,-1311.663281,-1597.367273,-682.8011472,-1332.878086,-417.8196142,-1447.82365,-1530.304106,-1582.725816,-1120.478491,-1616.193218,-972.3963199,-638.2588935,-1233.054827,-695.8882122,-1023.578839,-199.1734,-1460.168366,-1504.897405,-956.6085522,-1596.125791,-1453.734291,-1431.967022,-1448.733019
272,-902.8085631,-1344.067455,-1322.462823,-760.2956177,-1271.948891,-415.3095812,-1227.94259,-1474.294221,-1533.295107,-597.0787443,-1560.367943,-978.6017643,-490.1217653,-1342.761456,-724.7979148,-478.8108606,-264.3096191,-1552.061975,-1433.830354,-1007.059067,-1580.40753,-1500.971838,-1424.414412,-1477.43081
273,-1044.221263,-1471.956121,-1386.377264,-826.5080759,-1187.137572,-665.9808424,-1166.171148,-1555.508468,-1322.564498,-96.61068909,-1596.39037,-810.7487875,-499.7803487,-1286.740164,-762.682374,-393.3089052,-199.4126269,-1559.920068,-1445.482698,-993.9223392,-1563.569287,-1566.157745,-1394.298051,-1423.492608
274,-1186.375242,-1453.02735,-1280.924052,-767.5669832,-1126.067648,-419.9410612,-1245.584103,-1454.125918,-1599.163181,-797.9358597,-1560.311092,-834.1658715,-543.7420681,-1173.351293,-858.490126,-132.1865802,-469.951369,-1592.768848,-1429.44425,-1205.651203,-1558.120263,-1567.751751,-1480.239013,-1471.677848
275,-1067.975152,-1404.352557,-1534.915266,-635.3645507,-1265.940992,-1180.882777,-915.1043945,-1646.344428,-1511.887009,-1329.279582,-1594.414335,-969.4598038,-500.5095187,-1239.651605,-938.9821864,-485.9488853,-590.9247103,-1269.32877,-1398.803804,-1090.759904,-1604.949314,-1571.817334,-1402.857149,-1452.014602
276,-1169.487121,-1441.057176,-1434.253598,-667.2395987,-1219.590069,-763.1589351,-608.4857593,-1433.875066,-1425.666334,-1032.213854,-1581.751949,-782.6210106,-1150.676833,-1046.133611,-942.5493473,-397.5538505,-1154.799642,-1497.491545,-1055.04648,-1008.092791,-1558.960945,-1409.684594,-1358.964443,-1367.28553
277,-940.739456,-1403.43907,-1453.53142,-597.5499225,-1335.67384,-288.305699,-833.767528,-1348.935964,-1489.779427,-1058.404034,-1582.856521,-897.7313785,-1066.83107,-1062.496968,-962.9005349,-315.5950179,-552.9467726,-1451.427207,-1298.814537,-842.8801988,-1544.159357,-1455.459745,-1238.896911,-1521.083966
278,-528.2809753,-1411.008275,-1280.642825,-674.8924013,-1226.43719,-543.3924062,-722.9135101,-1546.181516,-1405.302793,-1202.726052,-1614.119734,-765.9785032,-1201.194084,-813.8177349,-854.8374569,-409.6427879,-204.9915514,-1505.316302,-1473.09423,-1057.750757,-1506.209154,-1538.762456,-1329.060755,-1504.632064
279,-1051.64516,-1309.276389,-1407.260018,-733.185266,-1423.931981,-290.4400064,-569.7030741,-1401.849525,-1537.398125,-780.6706909,-1614.366433,-817.3973397,-1118.087654,-809.9610661,-818.4490301,-286.4274386,-385.7276356,-1580.539157,-1251.184922,-1180.005674,-1554.621815,-1572.086743,-1436.266183,-1430.179715
280,-1158.23098,-1218.416252,-1561.920796,-824.6583356,-1282.515221,-590.7180211,-520.761168,-1375.697359,-1529.696769,-1528.797574,-1579.192159,-885.6391738,-1035.418543,-814.256493,-899.6392786,-484.5274135,-489.2834735,-1573.866475,-1414.874217,-1082.429442,-1587.333581,-1515.801422,-1329.896198,-1462.629779
281,-1041.322446,-1316.930077,-1473.272062,-964.1253967,-1269.65226,-441.4708083,-431.3903389,-1383.593281,-1613.476246,-961.9284162,-1600.402094,-947.7235155,-740.2996656,-839.0620637,-795.1181571,-386.3490462,-663.4806088,-1625.809911,-1436.310474,-1385.935907,-1540.668387,-1589.093046,-1271.035996,-1361.262371
282,-989.285669,-1422.162236,-1323.743296,-874.7761824,-1184.607885,-224.9000272,-406.5518568,-1383.030665,-1512.998935,-794.7592925,-1629.342707,-867.9868186,-475.8091936,-427.1210347,-801.1695894,-704.2385966,-298.3823175,-1541.619187,-1270.436988,-1392.39688,-1603.259657,-1505.649877,-1330.979208,-1371.405196
283,-833.0093843,-1557.387589,-1512.887143,-848.5776937,-1419.337809,-233.4350962,-474.4671647,-1399.113387,-1492.758039,-1244.305436,-1590.807118,-745.1064574,-462.745048,-556.6416219,-971.9828808,-484.9830026,-424.7563974,-1527.767428,-1204.984975,-1141.776795,-1547.143598,-1499.148978,-1385.248289,-1264.209802
284,-718.5325993,-1421.868014,-1391.524027,-654.726583,-1246.176082,-490.9343081,-532.2070336,-1470.008869,-1528.56374,-1577.814619,-1622.301272,-840.4843394,-1037.071544,-721.6524847,-1020.220506,-343.4480055,-639.1692872,-1476.139323,-1470.113866,-1172.797894,-1531.313467,-1438.596372,-1549.818927,-1145.499681
285,-721.8742579,-1494.657307,-1519.997391,-603.7566004,-1256.682257,-792.867274,-1097.213967,-1463.2946,-1521.858569,-818.820982,-1604.801514,-1099.563669,-607.9359333,-1210.2443,-992.7743514,-747.7472696,-548.2791117,-1560.810516,-1329.671396,-1244.797942,-1556.846212,-1474.686237,-1504.541893,-1253.185256
286,-887.1445262,-1384.271004,-1381.128496,-642.6580933,-1227.304905,-781.8488651,-867.3948155,-1028.279117,-1608.415339,-577.9318386,-1580.553233,-1044.095174,-729.1629573,-1229.385711,-1027.170132,-1215.264267,-458.0064081,-1551.564011,-1476.414353,-1291.423574,-1575.248162,-1423.566973,-1398.03887,-1299.850335
287,-975.009719,-1515.222477,-1438.134716,-656.4872964,-1264.220601,-422.1901887,-1033.889947,-1320.121697,-1493.029939,-1209.321268,-1587.320861,-1118.139349,-866.5647363,-1201.361207,-1031.620011,-884.0714076,-809.6188003,-1360.365043,-1430.286875,-1185.269647,-1521.192369,-1527.919886,-1327.453018,-1289.041068
288,-675.03608,-1491.742263,-1372.241501,-569.2531495,-1236.994269,-470.5460915,-1110.278187,-1473.359336,-1388.294551,-804.5883856,-1566.420769,-916.183884,-954.149096,-1240.467341,-1043.960987,-462.3546226,-1241.91967,-1196.948545,-1550.529377,-1020.579661,-1563.283815,-1367.530633,-1360.629834,-1110.956883
289,-880.4510889,-1508.317559,-1358.442975,-431.4514513,-1303.955371,-235.6627476,-1114.805876,-1306.222099,-1611.092666,-967.4644902,-1637.863427,-744.6731608,-1052.356723,-1352.61549,-1017.128687,-627.371622,-1202.490806,-1406.103323,-1278.73313,-1018.81215,-1575.147178,-1356.121409,-1205.880438,-1354.134888
290,-932.2704177,-1562.583166,-1361.478529,-342.9317355,-1303.367713,-468.366892,-1063.203428,-1289.855028,-1628.135788,-1347.970299,-1566.907389,-927.1742778,-1233.879013,-909.0502411,-1001.281039,-423.2206654,-1438.405943,-1468.475613,-1484.170089,-1295.992322,-1521.524092,-1544.801659,-1446.304928,-1337.154623
291,-1101.351528,-1535.180925,-1417.221195,-237.0026362,-1281.021643,-385.6281261,-843.9010964,-1484.906852,-1575.565352,-960.014101,-1592.404746,-789.6141403,-972.7108811,-1139.962189,-978.3723424,-500.372676,-1068.534118,-1529.685123,-1184.490594,-1272.062963,-1522.461675,-1503.634447,-1331.226449,-1400.683958
292,-1116.641719,-1555.509087,-1230.426859,-166.1511653,-1314.788717,-328.1609525,-228.0980178,-1216.019011,-1627.645837,-1029.540003,-1587.976074,-881.0576259,-952.8289556,-653.7919042,-936.7762821,-581.8749955,-1165.102686,-1539.635889,-1303.462155,-893.6577503,-1526.388959,-1468.845359,-1214.725613,-1423.6095
293,-1259.732227,-1482.036458,-1302.841547,-421.6041908,-1191.450441,-555.2460712,-603.9062546,-1324.563207,-1405.303536,-926.4985959,-1615.796457,-769.6841332,-589.7612859,-670.9391462,-996.543689,-842.6776734,-518.7273988,-1506.508718,-1433.665383,-1020.494779,-1507.961594,-1505.683875,-1528.876046,-1448.329608
294,-1151.622235,-1506.004372,-1240.269867,-230.2112245,-1363.893034,-697.675617,-749.203408,-1523.289771,-1607.187486,-1142.903167,-1613.994883,-824.7708161,-426.4589017,-654.4309498,-959.9315749,-1090.077916,-474.2261899,-1552.721079,-1391.802996,-1020.207855,-1576.144619,-1452.37631,-1345.966651,-1325.487233
295,-1155.400194,-1578.411963,-1231.497636,-263.5241299,-1348.920287,-1028.491124,-743.502629,-1339.669335,-1483.82227,-829.7776803,-1610.393566,-702.7887255,-844.1285914,-865.0183981,-842.1124628,-1125.767206,-510.0805322,-1492.048275,-1472.487572,-1008.182515,-1471.461367,-1454.214814,-1515.335417,-1286.076694
296,-1111.66467,-1501.733103,-1421.076324,-222.3299998,-1218.835959,-1080.490568,-1092.482815,-1500.636883,-1619.657755,-537.152641,-1608.462902,-646.5382668,-950.765548,-937.9872367,-925.2360387,-836.2456086,-942.9598756,-1428.009515,-1466.443216,-1188.344122,-1440.644939,-1339.096433,-1528.028168,-1481.074601
297,-1190.081987,-1416.7091,-1358.997804,-557.2511102,-1258.692515,-1000.535877,-1218.20502,-1493.307301,-1240.596926,-435.9153148,-1630.525433,-730.6677046,-1215.457189,-172.0451236,-1065.705945,-623.9391614,-917.730322,-1499.900781,-1405.81124,-1169.387561,-1258.924344,-1348.960064,-1412.950974,-1459.178952
298,-960.5778507,-1511.389239,-1520.948462,-813.2043565,-1413.671478,-555.2968439,-919.1812653,-1461.261583,-1339.335518,-1293.532444,-1614.260031,-843.4451796,-1130.371268,-463.2968033,-1220.957624,-202.1325241,-1141.89964,-1585.982636,-1473.411942,-1032.783046,-1280.066543,-1595.718857,-1484.040176,-1424.163213
299,-1199.498522,-1560.006968,-1346.900491,-1169.382839,-1287.389645,-585.0199013,-880.1623621,-1637.484218,-1577.809213,-707.3914364,-1546.927226,-742.928823,-1443.29964,-718.0519216,-1349.871594,-994.8086059,-1259.995725,-1445.213617,-1375.367828,-917.6600771,-1255.001475,-1285.662134,-1220.200959,-1463.242215
