batch,1xw6g728 - Epoch-avg,3ikscgpw - Epoch-avg,1twuzz0d - Epoch-avg,50vwwpjb - Epoch-avg,16a1i3ou - Epoch-avg,2s1kqq8c - Epoch-avg,1nroeh36 - Epoch-avg,ktrh2tkl - Epoch-avg,26r5cpnz - Epoch-avg,3d186l6u - Epoch-avg,27og179w - Epoch-avg,3ejpsk49 - Epoch-avg,xu3egzm4 - Epoch-avg,uyyj5cdd - Epoch-avg,3otyqg6q - Epoch-avg,u4cisnjv - Epoch-avg,3mcy4b9i - Epoch-avg,27oykizm - Epoch-avg,ooloz8zs - Epoch-avg,3b7oeaot - Epoch-avg,32c6fel3 - Epoch-avg,1342oi5w - Epoch-avg,othglsno - Epoch-avg,3silhylu - Epoch-avg
0,-1222.178209,-1232.265373,-1277.728197,-1526.29475,-1207.243042,-1092.840799,-1474.168659,-1302.734794,-1413.561565,-1345.042597,-1725.190153,-1195.094046,-1436.89047,-1172.047787,-1009.501255,-1068.635547,-1414.977462,-1478.169441,-1357.027876,-1299.596678,-1155.596581,-1256.71959,-1275.783972,-1453.119836
1,-1101.291097,-1385.228976,-1294.607988,-1602.596509,-1325.526109,-1090.888506,-1224.53479,-1374.797688,-1255.239362,-1336.794409,-1212.491025,-1390.862826,-1438.058456,-1328.937261,-1182.650313,-1345.196336,-1409.065886,-1227.151033,-1299.275993,-1195.678819,-1398.227244,-1150.944008,-1257.993642,-1249.798893
2,-1208.743914,-1474.154655,-1378.194945,-1362.097672,-1205.359913,-1388.889417,-1409.622162,-1464.787854,-1215.237975,-1479.47748,-1360.211511,-1346.637799,-1386.59225,-1273.625559,-1172.42323,-1459.303493,-1346.757518,-1125.179332,-1379.488701,-1419.632304,-1452.611886,-1296.682231,-1327.638848,-1246.649844
3,-1368.104371,-1425.227856,-1371.09955,-1517.148934,-1371.62342,-1350.635688,-1347.802573,-1419.665605,-1262.362682,-1191.247729,-1402.369324,-1296.555785,-1432.280926,-1237.043364,-1231.368981,-1361.684691,-1338.24326,-1200.818277,-1270.249258,-1330.119081,-1450.279813,-1475.354594,-1411.08325,-1388.247111
4,-1220.801342,-1345.469169,-1419.798048,-1414.911887,-1364.806585,-1192.153017,-1155.874638,-1445.959805,-1247.806655,-1365.166346,-1336.619559,-1280.634928,-1275.362368,-1369.503169,-1341.062438,-1242.904032,-1101.677619,-1193.319791,-1452.047567,-1374.853665,-1429.954529,-1433.134526,-1462.332572,-1324.349442
5,-1187.221308,-1396.998176,-1344.641425,-1383.270575,-1254.205939,-1305.778662,-1334.109644,-1314.162663,-1286.613055,-1257.96012,-1256.05008,-1210.850145,-1135.786745,-1393.334996,-1364.421826,-1273.999726,-1415.471643,-1408.508102,-1452.6862,-1286.211718,-1476.463855,-1461.514562,-1403.377285,-1346.115204
6,-1280.938892,-1351.902008,-1191.044466,-1236.320308,-1251.430901,-1185.785698,-1163.65727,-1222.606788,-1308.479045,-1256.364063,-1201.829044,-1248.996953,-1318.065431,-1407.580526,-1337.758833,-1403.584436,-1331.584609,-1313.87112,-1369.653569,-1094.859414,-1263.779235,-1388.174819,-1308.180702,-1295.420367
7,-1180.218055,-1294.945948,-1171.776695,-1212.776622,-1154.522554,-1302.350871,-1146.447043,-1187.27969,-1333.258124,-1407.469267,-1286.916079,-1214.851372,-1141.132209,-1364.371646,-1071.147875,-1377.528396,-1148.102249,-1346.196768,-1274.145033,-1229.758354,-1369.544885,-1279.806801,-1285.552182,-1253.550268
8,-1089.278781,-1318.816185,-1243.740223,-1467.297614,-1405.61895,-1095.623345,-1334.37297,-1338.588325,-1198.775435,-1208.490569,-1221.625073,-1354.763184,-1216.447426,-1277.995682,-1251.207702,-1106.993562,-1075.372728,-1240.348857,-1333.970838,-1288.369694,-1241.608465,-1219.049378,-1245.587233,-1166.049901
9,-1281.342977,-1206.724944,-1223.509668,-1426.375594,-1078.789982,-1123.886427,-1332.391142,-1105.886312,-1211.392707,-1355.33792,-1332.300136,-1239.487828,-1250.250602,-1318.138193,-1340.541261,-1097.692236,-1057.285715,-1237.749536,-1238.756901,-1271.877668,-1326.559134,-1052.637699,-1219.542222,-1083.588439
10,-1141.12143,-1204.171509,-1275.692381,-1354.882061,-1121.568798,-1256.790962,-1323.24051,-1347.592029,-1358.457747,-993.1103736,-1200.451222,-1193.218472,-1274.327198,-1259.798109,-1206.921623,-1227.899223,-1317.458766,-1265.393723,-1218.909921,-1276.348273,-1450.3589,-863.4079973,-1315.870558,-1146.514169
11,-1131.703113,-1232.408938,-1159.607599,-1302.642903,-1277.491565,-1001.966639,-1197.157822,-1297.948136,-1291.868818,-1220.969531,-1113.323876,-1138.724944,-1352.998106,-1299.001438,-908.7065191,-1142.374909,-1120.780383,-1187.643532,-1139.237995,-1155.823717,-1168.983966,-1196.013739,-1165.954167,-1128.36209
12,-1239.184807,-1175.546044,-1248.772179,-1255.88159,-894.6319046,-1253.436734,-1227.307222,-1342.558042,-990.2602331,-963.283233,-1192.32479,-1052.326925,-1014.487524,-1179.4528,-1242.555093,-1111.996373,-1111.68157,-1371.495192,-1161.374683,-1256.368846,-961.3151877,-1212.846246,-1237.941102,-1193.940729
13,-1208.590575,-1037.612255,-1255.926922,-1340.543735,-982.8793395,-1234.38489,-948.9268597,-1135.174908,-1276.837457,-982.7229499,-1172.989675,-1122.52036,-1080.754275,-1036.450814,-950.0711146,-1144.093903,-936.4876563,-1024.085265,-1188.708652,-1117.073055,-1288.161526,-1402.794997,-1144.662572,-1171.164963
14,-1171.079342,-1169.990564,-1155.046374,-1204.694184,-863.193471,-1069.607378,-1229.225808,-1239.744897,-1212.094102,-1000.636783,-1210.345658,-1005.931902,-1273.791984,-991.2548706,-1182.021315,-1104.716882,-870.945161,-1054.971924,-1125.35717,-839.2446684,-750.9918609,-1044.24129,-1079.617341,-1113.287937
15,-824.1208801,-980.4484983,-989.8879925,-1192.669956,-1012.891863,-1206.688781,-992.0678802,-1097.6493,-1215.82301,-1023.934207,-1181.901681,-1066.078054,-1166.593205,-1254.279888,-1068.261483,-994.6526939,-1195.242378,-1113.796837,-1167.079139,-1118.953849,-1018.873898,-1098.894303,-1357.94719,-1142.769915
16,-1066.413282,-1090.955439,-1032.459413,-1065.260581,-945.8161312,-939.3140611,-1009.79206,-933.2747327,-1072.871046,-1002.689196,-984.7415339,-1162.366884,-1054.537077,-868.2756887,-1132.9255,-936.86177,-899.1251602,-1062.857186,-1232.066706,-931.6703252,-825.2482744,-1038.349818,-1309.703425,-1161.120202
17,-904.1504177,-1272.609777,-870.3150981,-1190.845729,-724.5764383,-655.8477311,-1138.451419,-1084.432748,-1091.757358,-843.2582523,-1165.009573,-1045.639832,-992.7226193,-996.7479197,-1268.481816,-1016.787051,-783.5344911,-1177.52418,-1185.04122,-1070.693065,-956.3224153,-977.3114959,-1197.858504,-1062.904083
18,-1214.894411,-1160.384646,-1061.193753,-1067.623637,-919.600246,-840.755739,-850.6393554,-1040.405252,-882.7748859,-949.9473505,-1153.376222,-1049.322328,-1007.412763,-1164.869789,-1026.298533,-1119.869917,-951.722313,-1022.450855,-1048.898086,-859.4071407,-506.8096189,-648.3216059,-1093.531877,-1114.956603
19,-810.9594044,-999.2588758,-919.6080367,-1213.63624,-764.847302,-844.447446,-997.6472137,-798.4321497,-713.2489587,-735.2034584,-917.1914057,-963.9745723,-790.2827866,-830.3229532,-1050.426114,-716.793523,-965.0277442,-952.663551,-1017.770206,-934.9918511,-616.4519704,-712.5228253,-950.2092405,-800.397476
20,-961.223726,-814.8238879,-1045.681319,-1014.357354,-713.4002161,-710.8937118,-1118.366389,-952.0894143,-965.6397029,-723.2156687,-1065.826298,-732.5922981,-892.0450052,-936.6889077,-880.0822731,-733.0095914,-697.693993,-987.1809726,-1213.424047,-1114.213598,-859.8197512,-726.3095307,-1105.476726,-1037.425952
21,-879.622595,-987.0252938,-959.1243637,-1197.277023,-934.9457591,-1168.601587,-861.0666436,-1187.778408,-683.4884613,-1047.115174,-1188.291896,-854.4591447,-1121.298189,-986.8655695,-991.8046,-1170.13912,-836.1125352,-879.7352896,-1258.521626,-904.208272,-633.2574183,-765.7308318,-954.4098997,-849.745567
22,-865.5006672,-1174.95329,-782.3027056,-890.2727431,-988.1315032,-1070.09369,-801.6487881,-874.8693794,-665.2955479,-740.4096159,-860.4651322,-608.505512,-798.2656054,-1071.039189,-812.2117204,-926.8365791,-966.5148926,-908.7219687,-1132.749524,-1025.521756,-981.7919396,-750.6672345,-1122.217022,-1047.621695
23,-752.0086151,-907.0336275,-1018.496399,-914.375592,-762.1407996,-860.7317374,-946.3563006,-929.5856389,-877.1471972,-732.8191778,-845.8569672,-743.1622302,-816.8406946,-774.2878658,-974.5953788,-804.8885774,-770.2221897,-772.4524904,-1048.563527,-1115.893195,-685.7599738,-648.1965375,-1028.708689,-804.4087722
24,-887.2733809,-969.8631999,-1020.894656,-863.6837753,-926.14584,-472.1012076,-843.2970138,-786.60829,-751.6432752,-661.0149812,-831.8063987,-690.7817387,-950.3018098,-724.498413,-815.7257166,-977.1588044,-785.5766189,-767.8856134,-854.6310104,-807.2157814,-853.7747856,-573.6776919,-1015.208472,-824.0670759
25,-686.0489448,-950.044845,-1006.043652,-826.3282131,-939.3003247,-653.9892524,-762.167432,-709.7966461,-893.0908384,-689.0884375,-804.8632901,-509.2662816,-853.4731758,-703.5858498,-571.0597893,-1154.164132,-713.2810906,-946.8394188,-987.900743,-800.2758225,-566.1516278,-698.8163256,-1135.061485,-812.16277
26,-737.4903036,-694.6973703,-1000.677081,-911.9211306,-689.4058975,-702.4374492,-755.6092081,-987.5543126,-616.0519074,-647.3933466,-871.8382762,-395.2708233,-880.7938148,-962.8652535,-804.1098933,-956.1619979,-559.5788164,-722.490824,-849.7067653,-422.0940143,-714.154664,-647.79758,-1161.44471,-923.6922559
27,-357.8404146,-1159.401728,-717.6163095,-1011.908445,-725.45805,-612.2282689,-818.210599,-935.5505214,-737.6556847,-444.7239883,-710.9325052,-691.5756668,-890.8608619,-657.6221632,-516.8487721,-1092.788186,-864.7710636,-762.798744,-909.9359958,-953.2827381,-791.4522931,-724.7366307,-896.7545596,-1098.496887
28,-543.6988353,-533.3520411,-875.9654055,-1054.579421,-891.2792638,-759.7930975,-928.5868727,-665.8760881,-823.8890958,-521.9758755,-909.2711296,-425.70214,-798.7330353,-565.7428781,-627.9555592,-1214.657531,-705.3540133,-932.1363785,-778.3640555,-714.0770581,-811.8915946,-871.2897762,-917.1716544,-492.6571431
29,-432.7579538,-676.8331793,-623.6049593,-814.6816844,-605.8208165,-484.3181634,-673.2139015,-792.5996961,-644.1940423,-448.8817042,-799.6008505,-496.5600585,-738.6476739,-994.9511289,-570.4762882,-1266.625944,-1133.346341,-994.7809899,-837.8049745,-999.7025281,-967.6593004,-630.8924212,-962.7295741,-903.0131969
30,-618.8355739,-567.7047784,-707.0908467,-1042.485485,-701.898911,-483.2019877,-942.6222339,-530.9191766,-807.469681,-331.8380417,-711.0239193,-464.4296949,-661.057277,-812.2312929,-684.7259182,-1214.566558,-1045.102989,-844.1188036,-828.7617155,-930.6167827,-785.3842456,-736.7324116,-861.5352463,-1051.044153
31,-555.8177155,-475.0029333,-777.5486335,-821.8169921,-260.5115834,-693.533908,-906.4347012,-706.1843559,-789.8432113,-101.1051238,-797.6360899,-443.7890256,-662.3600094,-1042.481895,-1005.738263,-1202.670957,-522.1516405,-651.4525566,-811.3887152,-842.3819959,-581.0300345,-754.6620434,-891.2019572,-747.2096803
32,-620.2390893,-233.0235906,-743.7884054,-688.528883,-808.7528302,-934.8842864,-617.773654,-707.7731238,-753.9268571,-147.2553885,-832.9728318,-640.2284709,-613.8715466,-676.3707184,-724.0598602,-1237.981884,-560.8250818,-619.0703239,-825.3892915,-844.780426,-549.4419999,-544.9918131,-919.5670103,-437.0945905
33,-373.6654533,-680.6448422,-624.1805577,-815.7726019,-592.6281409,-851.5813155,-665.3072724,-538.4988098,-628.426346,-491.1969905,-570.8938168,-896.9725339,-804.1736044,-655.6222111,-443.1069437,-1068.137498,-374.2067517,-1101.940372,-590.5751502,-749.8218574,-1309.760523,-708.8220097,-832.8737847,-935.6022394
34,-466.3439355,-717.5152289,-737.5992735,-694.8644674,-421.9027392,-704.7555604,-675.2667841,-1033.141207,-766.4096806,-616.9041823,-667.4584167,-886.5881375,-744.2351406,-742.7577613,-697.3492997,-1168.3894,-476.646274,-527.5201167,-695.8841347,-536.156658,-1209.620519,-917.36292,-933.4755946,-879.4171993
35,-328.4242137,-494.623153,-550.8437353,-747.3769674,-789.2553172,-874.7888506,-923.8884926,-388.3770815,-673.541511,-713.3612876,-650.5297642,-950.3038117,-634.8739921,-692.5908855,-644.7757968,-1100.771946,-616.5055462,-658.0512863,-660.2423439,-1095.278156,-463.3368746,-783.8407256,-922.3912722,-781.1083757
36,-546.9833378,-561.5043523,-550.5639177,-981.8942338,-401.2865567,-702.4411943,-638.3137558,-512.2120699,-648.0373547,-163.0615745,-868.5549708,-828.1705937,-666.8975699,-641.3571745,-502.0143,-1069.867355,-227.0721009,-556.8908031,-869.6397265,-1027.475402,-1002.070066,-672.6764816,-948.4335866,-704.8513694
37,-494.5189442,-524.3617955,-723.4983785,-628.0942734,-390.2803842,-429.9020013,-720.6558838,-787.5562772,-510.2246487,-297.6767653,-655.0515661,-1070.894478,-739.9170217,-723.1259718,-779.3865852,-1255.920202,-690.8141952,-627.2394011,-693.0764976,-675.1063017,-759.2073683,-792.7493603,-762.1182318,-469.7180994
38,-606.7137985,-699.7073384,-651.7828546,-563.4394118,-497.1148043,-399.1553201,-596.7101481,-877.1111454,-512.5712865,-393.138668,-638.2679991,-870.5285681,-826.7527866,-706.1663831,-478.6451053,-1094.01974,-545.5952169,-704.8224631,-489.6101487,-880.4625161,-878.6335421,-428.3100409,-762.8306287,-381.4978315
39,-678.760938,-605.0651261,-573.4249071,-936.4851595,-1021.073573,-293.4699984,-1137.716023,-675.5626931,-718.5056677,-265.0899374,-838.5220316,-896.5403592,-574.7666528,-921.2340452,-220.4915221,-1100.412532,-556.3788076,-578.5555435,-491.0850524,-1208.977533,-392.0332506,-393.7856517,-825.3627923,-296.7304433
40,-101.4303564,-231.3090793,-362.6967181,-927.6731088,-815.9646477,-514.5733905,-985.9578732,-779.2387822,-607.5759465,-327.8213721,-821.1439213,-821.4874286,-731.9344716,-623.9614165,-511.0650055,-1058.40736,-905.6516412,-638.0581066,-960.1362359,-769.9553363,-752.6389325,-622.4605805,-762.4142946,-444.3549751
41,-646.6879127,-515.5971375,-805.5288832,-675.7014654,-164.7504182,-623.0614689,-468.6699572,-621.6564851,-512.874787,-514.1108277,-636.6903898,-689.0291352,-536.713366,-922.9705911,-534.1636067,-852.7520026,-843.4843461,-359.5336604,-931.7689066,-810.6740904,-583.5457574,-859.826135,-683.1276297,-490.8604498
42,-683.3420732,-541.964997,-353.9470487,-556.6843417,-896.5808553,-422.6544795,-452.1059796,-581.6069903,-600.9240183,-453.6186775,-664.8181467,-1027.33091,-693.5417933,-362.0087489,-661.1250117,-1120.368309,-697.8729816,-658.0827766,-935.9429768,-798.1445601,-484.7669804,-835.2927511,-760.9342074,-512.603351
43,-761.9526464,-774.5248301,-575.3034932,-611.8214911,-887.8310817,-455.0917528,-711.2072507,-552.8883223,-163.8754416,-624.2528682,-525.3093867,-573.9094375,-709.2622562,-722.7667926,-284.335706,-1311.300172,-427.2232261,-834.5584675,-545.400555,-892.1009155,-463.1069682,-724.7991936,-638.7749445,-454.8354391
44,-594.0337576,-594.626033,-518.668933,-521.3383317,-1212.125852,-663.4947471,-227.0750801,-453.9754603,-325.8564291,-758.1305611,-474.284657,-808.2123465,-740.613207,-449.4097319,-395.2195871,-849.6348077,-664.4293189,-356.9139649,-469.0868627,-851.3254149,-701.0504162,-773.3362407,-817.7799032,-1068.038369
45,-509.8348936,-648.7753932,-127.473599,-567.1088127,-683.2010412,-631.5642671,-599.1853284,-1190.328275,-321.2902985,-225.0633611,-443.5670692,-550.526016,-431.8174044,-815.0861978,-744.6095936,-896.2653505,-972.5057024,-865.0945309,-715.7489698,-570.1642727,-599.8605698,-547.7012852,-907.4945006,-722.7028129
46,-730.4572821,-811.0261448,-228.3037399,-492.851639,-782.8379456,-446.171101,-751.2515682,-455.2573314,-667.0461616,-290.9794861,-699.1540821,-762.0173434,-806.7648027,-543.5825547,-515.0620352,-937.0774622,-965.6134353,-514.57578,-503.0501018,-896.9901189,-484.7167389,-225.2101773,-819.9052997,-666.7304413
47,-484.0880393,-970.5089983,-541.8466214,-365.1315718,-1010.218475,-464.362735,-521.5710125,-655.6169411,-131.065656,-166.9784527,-669.5531603,-65.06634593,-552.9015793,-656.0849916,-443.9634366,-1213.601003,-762.3094228,-924.477123,-338.9742551,-883.4326822,-502.0107486,-197.4492813,-707.4456878,-817.3377837
48,-954.6313845,-626.1753701,-389.3415299,-354.6937263,-935.5815652,-514.5641031,-531.011436,-729.8212197,-538.9008369,-222.991637,-786.2706373,-668.8322408,-439.8269938,-621.9271931,-197.0758977,-1471.792583,-585.9927772,-549.7499206,-465.7624221,-722.3919535,-608.2209481,-624.4727533,-748.5045661,-637.5419483
49,-966.6802673,-824.2654016,-378.4054255,-493.4289009,-477.3693661,-405.0918563,-613.246868,-869.6000453,-678.6907141,-460.1535621,-653.1182068,-981.5904145,-236.7931055,-805.0418285,-162.2590127,-884.0940722,-651.035624,-758.0506606,-578.3337646,-942.799176,-532.7130282,-97.30319985,-505.4704013,-730.7893891
50,-369.9381549,-668.2755681,-601.8334857,-355.5390327,-816.9723454,-609.8956656,-453.4247885,-1075.121674,-679.4204517,-267.8682726,-755.2988291,-902.337145,-639.394687,-553.9372545,-153.0509725,-1079.254556,-558.9324235,-607.6935753,-861.4033912,-1102.618454,-562.6118635,-264.171985,-697.2951805,-1319.873406
51,-693.4552116,-837.8722058,-131.1292058,-789.4780964,-545.9769382,-318.6525564,-163.4637948,-665.2808271,-588.0023766,-385.2372217,-1081.626794,-783.3644973,-939.5610576,-402.2002854,-159.5146509,-1163.148458,-851.1245526,-618.9492176,-577.8996629,-1028.578418,-525.5892762,-164.2420383,-936.0569967,-1131.482669
52,-875.026369,-536.4043507,-389.2406387,-279.1159961,-265.2507523,-361.9231905,-257.0767593,-866.3053456,-624.8788575,-287.514519,-539.7568847,-951.8956164,-843.7968355,-911.5415773,-521.113127,-911.8531956,-528.6262191,-295.5217383,-544.261293,-946.5698482,-465.9402411,-752.6500626,-409.6393435,-1262.277879
53,-365.1192603,-673.8539507,-851.8426144,-691.6069269,-95.1169374,-714.6571912,-494.1087523,-656.0844989,-464.9549879,-237.0174147,-817.3977671,-805.5427319,-679.4695282,-885.5360054,-193.8658859,-872.2945371,-617.4962815,-835.6602404,-707.0167027,-764.0009861,-426.8868804,-392.6650805,-731.988322,-1243.277605
54,-625.7009741,-688.9503563,-332.4095888,-637.7432498,-1183.370353,-485.8220719,-665.5774223,-946.5959227,-604.8376504,-402.8707508,-590.4889837,-644.0530764,-505.8203601,-782.5337402,-317.018019,-858.3207264,-320.774,-1038.566477,-865.1148851,-656.9925145,-569.4034249,-256.2651464,-444.5958251,-1426.033119
55,-800.3565158,-614.4303247,-233.542394,-609.9770377,-1094.727271,-220.9604288,-856.8142811,-623.4053093,-776.0178126,-229.1344462,-357.3341181,-453.1476542,-671.939285,-263.69969,-192.2829339,-578.285622,-297.5114409,-840.6663499,-775.4013878,-798.8181143,-557.7590148,-395.1120837,-514.028016,-899.455131
56,-1219.333282,-866.2251652,-404.7832615,-688.8801872,-1338.596774,-365.6505808,-525.4772159,-717.504838,-1168.089598,-363.8739012,-1015.196466,-510.7999049,-784.369627,-720.8205837,-191.8417191,-1006.833627,-261.9785321,-755.5696513,-945.2201053,-858.1575637,-349.7467814,-522.9834913,-162.1665092,-1416.320624
57,-1086.255756,-730.9300526,-136.7205447,-485.2991229,-1024.219344,-664.9348951,-163.3570649,-656.3497415,-1125.240304,-129.2694667,-262.2849385,-559.2660669,-719.1110376,-555.8985711,-254.6283306,-872.4418085,-165.439935,-249.6784713,-776.5712294,-727.4318812,-594.3644444,-710.5139258,-194.1641068,-1205.436205
58,-455.7115511,-397.8515054,-335.9912844,-595.7236853,-1124.258652,-268.2980653,-267.0731375,-753.4497087,-1010.393605,-227.5845061,-257.0304313,-646.3191499,-532.6861692,-822.0223128,-329.825038,-809.9664825,-656.3250141,-709.1687786,-869.7238324,-475.4545959,-747.221083,-575.6568141,-378.8163735,-884.8476181
59,-130.0650816,-398.075495,-325.8457819,-396.2722081,-905.6605646,-424.6916968,-474.8349602,-904.8667202,-936.1629136,-263.0761154,-949.9672573,-819.777356,-549.3961797,-305.6619545,-391.0634345,-1090.129068,-237.3685856,-620.9454933,-933.9384352,-422.5664278,-620.917863,-231.2290652,-260.7575055,-897.3392112
60,-457.4522197,-218.262109,-195.3795131,-567.4235871,-954.4926273,-294.1672467,-548.4556995,-911.4800119,-648.6515444,-96.81694291,-345.2495355,-919.3933684,-793.2256736,-595.5547332,-305.6297132,-951.6637643,-209.5693855,-715.112612,-878.5028445,-699.3122634,-414.5570656,-303.4976467,-224.6804689,-1097.938887
61,-221.3372828,-328.2405504,-233.5763309,-241.8721671,-925.8512973,-558.2813927,-446.2286291,-886.1431465,-499.7053772,-491.4992454,-532.7734518,-884.5841706,-482.7454761,-800.1138257,-220.4556612,-1064.880249,-223.907477,-871.5887253,-855.5207098,-206.0569664,-295.9441545,-388.7931082,-520.5634145,-643.7631138
62,-497.379201,-967.0343574,-369.5578737,-260.5096123,-1008.222274,-629.9837949,-288.8084786,-953.5511765,-525.5062217,-296.3233468,-1003.811767,-566.5579624,-281.6887417,-787.3885317,-185.3730088,-880.9101713,-302.0180708,-795.5988584,-1123.673661,-707.588557,-291.1269143,-543.3073824,-157.1156941,-566.6492291
63,-326.6461064,-541.3248516,-168.3853727,-165.2609884,-548.9731202,-223.7690886,-245.8346328,-956.6329125,-717.7349962,-228.4080773,-497.366162,-324.9138052,-583.5312466,-708.481665,-408.0955095,-1027.271578,-831.7454196,-425.6547907,-1023.622931,-1057.258857,-236.1683849,-255.2631432,-442.0362977,-898.3103198
64,-416.8839844,-346.749523,-264.9129764,-269.143092,-1189.093797,-258.4072847,-457.2318025,-980.85122,-1094.811567,-99.83790396,-189.5571534,-357.2078189,-811.224922,-541.3019323,-184.9203106,-877.1209674,-194.5382412,-480.4738822,-1296.867524,-775.0924778,-843.4741835,-977.3742114,-255.8670186,-667.5086794
65,-420.5583254,-306.8782726,-228.889207,-134.3431678,-1108.865443,-385.2249611,-317.0127424,-1137.207013,-272.6790954,-315.2654994,-1284.144999,-429.3996286,-641.195117,-425.6600653,-233.4478086,-992.7902974,-268.9515212,-291.8868042,-1235.529391,-824.9030399,-619.6000508,-542.5811371,-317.9595019,-950.1138568
66,-465.4746773,-164.0300188,-234.3117525,-586.6358074,-1084.261716,-553.6373201,-259.3456978,-949.5365376,-397.2096633,-192.4031798,-363.4080548,-522.8895471,-441.5051299,-525.6489229,-180.6954031,-851.0757338,-442.4613585,-465.5487189,-1236.72666,-851.4461232,-794.6158532,-649.7316686,-447.5652731,-772.332348
67,-230.9097719,-378.4650781,-236.4493195,-393.4562727,-1120.161467,-234.1229009,-249.1002952,-745.4436952,-1103.70495,-235.6945364,-200.5797896,-628.7703459,-263.6833105,-512.4812876,-227.1834421,-933.2634376,-336.4177505,-261.5410711,-873.9432704,-1070.618329,-725.7712968,-494.2289155,-575.7300377,-745.201013
68,-194.3635221,-350.0739366,-135.4728789,-200.7629083,-1207.290328,-501.3541843,-670.550275,-678.9278107,-1027.432118,-198.6306377,-493.9509376,-523.1981717,-454.5848758,-512.6777527,-390.1792401,-808.0342641,-309.3745942,-651.1110497,-945.8720103,-901.320959,-462.0119606,-466.7140297,-213.3956582,-857.2544656
69,-286.3711618,-384.4014788,-162.2509869,-293.9840182,-1201.464837,-406.3631867,-245.9849801,-885.8328891,-462.4774819,-330.4619338,-425.5996243,-327.1255034,-455.6623071,-520.1455845,-458.4578634,-647.1663756,-458.2048492,-586.2577493,-865.5782579,-716.0756616,-414.0668701,-496.443396,-317.7404296,-1352.053021
70,-193.7321806,-598.8173971,-329.5524469,-402.8571246,-662.3093769,-490.8291338,-660.556069,-573.2475703,-879.8998702,-298.248868,-202.5771729,-463.461305,-421.1520037,-563.3697414,-885.9259025,-992.0630453,-362.1564072,-223.6441692,-699.7576587,-699.3723954,-899.1280471,-591.3634951,-217.1382744,-1485.413542
71,-230.1322986,-635.859458,-161.9345311,-498.0943498,-1026.687151,-192.7216943,-521.8764261,-1124.566199,-750.5149268,-332.2686428,-300.2901621,-320.7891002,-450.0104654,-477.5181158,-221.9307374,-971.9797405,-347.427107,-324.2113343,-822.4255723,-693.475323,-810.778861,-484.6119012,-132.1208262,-1192.768761
72,-165.3467501,-470.8414337,-96.47266687,-766.0207921,-1152.687238,-259.768723,-153.3096816,-1172.449211,-878.0316359,-370.1029697,-490.9635189,-378.1225077,-483.2289943,-530.8603658,-400.5876548,-1036.652385,-340.1259827,-351.1286561,-942.5072736,-763.026589,-1063.317728,-484.9813741,-418.7672482,-1199.198762
73,-616.3868152,-500.3856916,-568.4940646,-620.1779763,-879.5094707,-442.3510046,-593.261783,-1084.474018,-428.1178296,-430.7717977,-365.5257454,-122.9984506,-692.3117633,-784.4266718,-454.7127523,-525.8290576,-378.3639107,-296.4833265,-1361.559289,-664.5294796,-293.1198825,-523.8901333,-222.281627,-1195.963812
74,-292.982555,-675.7022865,-254.0286811,-366.1407381,-1387.041564,-425.2172395,-326.5191041,-1014.460403,-1300.069827,-805.5604395,-325.6434727,-742.6013048,-291.9096951,-395.6158911,-158.4386256,-405.2786431,-209.194244,-236.2158041,-1271.592506,-691.4524757,-775.3596399,-511.3139395,-414.0771791,-1240.67186
75,-263.4787319,-596.0676114,-162.5059942,-408.4154757,-1308.481292,-254.7233156,-159.1100418,-885.7707982,-1149.074814,-469.5590725,-102.5633864,-597.9765915,-204.3895305,-531.7826848,-158.7783135,-1061.351893,-504.7308095,-416.9025209,-1086.018493,-707.9811506,-433.8285126,-749.9856685,-293.749317,-1100.396662
76,-285.5387065,-468.5189315,-327.6921032,-231.1278756,-1386.04088,-228.7398148,-403.7026639,-1246.197332,-586.0068193,-952.5094476,-243.9137311,-350.7242775,-264.1733915,-243.9345983,-249.371776,-1188.966848,-389.7069741,-187.8783191,-1031.092567,-309.3460677,-394.8812005,-669.5506552,-182.9360632,-420.1411874
77,-391.3088282,-687.2221814,-257.2885938,-366.5039,-1384.43855,-1158.027377,-420.1250443,-1243.923487,-106.6308558,-201.1309887,-199.4808706,-881.4332877,-265.7411998,-356.5404327,-160.374457,-1013.187312,-65.11251978,-158.3286897,-1017.304294,-627.5698218,-99.20810884,-477.6875604,-222.0909764,-1373.039214
78,-262.7055676,-688.3694431,-267.6771138,-371.1507367,-1293.035158,-707.3443798,-373.766642,-1347.681761,-744.1121143,-400.1291895,-235.8546948,-332.547172,-160.2567884,-268.7275826,-401.4979969,-1188.406502,-504.2730031,-161.6258489,-234.0560336,-646.534205,-549.9618112,-325.0540612,-515.0204255,-825.3455642
79,-254.4057273,-613.7773692,-202.062491,-487.031757,-1371.107358,-483.6718485,-324.9599913,-1216.355742,-1193.759908,-626.367096,-282.9783053,-357.0327123,-319.5223059,-198.7227847,-185.1346851,-923.4118683,-329.0951397,-349.4157526,-674.0078767,-782.2068759,-418.7051291,-173.0011202,-349.1699679,-1567.752724
80,-178.6990558,-540.5247475,-283.4919003,-718.2951444,-1443.182679,-694.6623122,-238.288869,-954.4426589,-846.6206633,-301.4667787,-418.1547559,-443.57374,-201.092092,-384.4789886,-546.9012657,-1292.525557,-490.5601783,-323.4404295,-1135.994048,-637.9139557,-799.1792026,-236.1501378,-797.6170792,-833.4267915
81,-325.9152102,-698.4548418,-322.1673768,-494.3083365,-1229.322719,-683.4620065,-876.5196565,-1362.019768,-671.3018161,-268.0191234,-274.2233735,-316.9610048,-130.0986381,-283.7995628,-679.5017484,-918.559116,-621.0519453,-385.96586,-924.1912188,-1084.891726,-646.2781472,-348.2814014,-332.7259072,-259.9089232
82,-124.7486971,-1090.786826,-198.5256279,-544.1456246,-1434.380931,-421.0658965,-190.3757509,-1309.743808,-398.8037628,-330.1366612,-343.5030852,-557.1463234,-236.9131958,-360.3184358,-776.0978576,-513.8785854,-271.7547954,-278.2271353,-208.0493487,-1197.792222,-394.8327613,-407.4069706,-199.9618247,-955.3677661
83,-126.8305265,-738.1862097,-373.314927,-305.8933096,-1385.923878,-672.0386167,-600.3217879,-1275.812108,-457.1019216,-271.9311618,-173.936051,-697.7230565,-95.81693333,-225.7798581,-252.6856548,-669.6324884,-454.8794647,-324.7590699,-427.9124836,-890.153856,-429.5741539,-845.7321939,-310.7219507,-962.3947345
84,-182.2183983,-787.755368,-202.3073415,-303.3063387,-1370.621373,-577.2817093,-536.9651326,-1003.934597,-388.1769095,-133.7541716,-262.710962,-387.1624298,-469.0499136,-342.0769918,-320.2408571,-773.0038556,-233.1384831,-254.0906016,-846.4261492,-798.1852755,-307.9156444,-387.7208839,-807.0322811,-532.0906883
85,-268.3635611,-538.6689203,-419.778841,-133.9528429,-1524.361277,-516.8803963,-915.7781793,-889.0872081,-769.7478927,-647.424485,-175.112574,-456.0086645,-264.9135601,-479.2589126,-160.3320546,-798.9614776,-167.0927584,-552.9180452,-1051.362913,-1112.592983,-1048.519643,-329.952565,-848.2853409,-1125.312926
86,-159.7637287,-698.1507073,-825.3566321,-375.7478982,-1567.880514,-691.1607226,-490.5302313,-970.7103803,-507.4988526,-169.7144609,-167.7719106,-651.1000546,-266.8839549,-684.2428242,-225.180982,-623.1009364,-280.88338,-591.3515028,-1178.897815,-1114.859595,-238.428082,-477.1868346,-618.6471189,-1121.68984
87,-62.08919909,-751.4328091,-237.0916729,-170.4835227,-1422.919857,-342.7122657,-232.9406935,-878.6568592,-266.0284065,-235.2003278,-135.3362509,-495.7605968,-226.304475,-678.2286697,-253.4741566,-277.4194209,-262.6753117,-524.5754901,-1189.469151,-1185.813575,-313.2437582,-189.9107423,-484.062426,-1058.074306
88,-257.4438582,-779.2164661,-403.0573511,-1081.268146,-1329.600494,-160.8297535,-160.6633215,-1137.346534,-479.5954305,-232.5935211,-476.0485018,-201.3350877,-163.857986,-703.9116503,-154.7304065,-382.7748621,-282.186114,-197.2705202,-1193.709325,-1094.848952,-522.3201796,-188.3555346,-298.9218843,-764.688197
89,-191.3101132,-771.2554473,-198.05056,-372.8775628,-1329.699243,-163.7328513,-222.9634027,-1093.361003,-918.1377279,-167.7092849,-631.9656567,-207.6834982,-95.50027807,-695.2044582,-287.3455868,-641.6496679,-166.342279,-431.6656612,-1038.639305,-1207.628537,-434.7873456,-163.1680323,-67.1217629,-937.5789683
90,-100.3171137,-778.2474817,-98.8233037,-615.1216554,-1384.157381,-226.0457023,-97.41995097,-1175.232182,-423.8850876,-526.3160505,-567.9013911,-330.7047891,-700.738526,-924.9628695,-390.3823514,-383.4257181,-276.8178494,-567.5508006,-1124.882038,-1053.080803,-505.9353086,-199.6620111,-599.4768924,-783.9226626
91,-270.4539074,-900.2080323,-134.6434029,-370.5186345,-1451.926845,-129.3408792,-160.1031067,-1170.526229,-404.673514,-781.6063126,-505.5128376,-323.5172108,-356.0758724,-892.7309067,-383.4619495,-429.3170622,-433.9712122,-349.1398269,-68.51195115,-887.4703274,-757.3987836,-354.9299679,-367.6621715,-575.7842452
92,-510.108422,-1012.034299,-301.6571678,-240.1979921,-1441.571175,-196.698395,-362.862694,-999.3722444,-631.7412195,-332.067512,-270.7523588,-747.1990695,-246.3462211,-532.9878967,-312.5492562,-1204.56677,-496.9053345,-287.1348839,-407.7474345,-526.1967361,-337.2769815,-248.271962,-167.8722008,-442.0063293
93,-187.0536349,-733.9745903,-227.8955546,-657.6731132,-1440.660503,-251.6816282,-723.8002897,-1084.553769,-647.6613021,-408.2974955,-324.6139329,-261.3130115,-163.5274216,-418.0769592,-187.6569539,-1329.565066,-371.6784689,-736.0764575,-382.3673115,-261.1379238,-764.3998289,-544.9131767,-366.3956027,-293.6897792
94,-284.5467833,-788.3976011,-311.0829133,-277.1360052,-1397.526514,-296.3617536,-646.0501304,-568.6144954,-666.2090505,-335.5500507,-407.5057553,-237.2692286,-735.6643141,-568.4999553,-308.6118702,-1342.892395,-369.9116044,-219.8784908,-632.8850289,-1069.371809,-631.1346131,-413.1040268,-136.3168388,-525.0154254
95,-757.7962554,-788.222739,-240.2124408,-101.8745278,-1425.88712,-273.370896,-681.3913379,-1295.772477,-603.914688,-259.0124159,-208.7002444,-296.0782399,-1010.323204,-763.2894041,-123.161641,-1297.273604,-432.492179,-319.7053055,-647.840626,-519.2007575,-524.4597255,-167.0259055,-636.8245777,-269.8277248
96,-522.4952914,-791.1393098,-231.4212787,-349.3149265,-1569.679455,-269.8166655,-680.9090935,-829.7700476,-545.7111283,-234.1966882,-265.0990914,-354.0270143,-833.0681514,-756.9486788,-323.2711361,-1318.821447,-242.5480066,-262.134964,-754.6664162,-654.7875479,-498.0899391,-414.7389635,-873.4116595,-289.9352774
97,-35.54291358,-751.8868163,-236.9751217,-685.3195301,-1513.379267,-396.0194094,-486.1690251,-736.0610504,-547.5407287,-168.6978029,-269.9983187,-388.6369686,-1135.482606,-523.5220979,-189.6038108,-1388.076293,-196.4658581,-378.0078285,-717.9243815,-208.900858,-391.5216702,-232.7442379,-225.2921309,-557.0971171
98,-127.0438082,-934.2238194,-130.3093847,-134.2278338,-1384.586512,-268.7919262,-879.3678777,-686.08465,-990.209217,-198.8711296,-238.3462318,-521.9322849,-1155.155378,-432.7617864,-223.1354151,-1395.321402,-200.951112,-226.7138787,-766.9838397,-463.2830123,-699.9484857,-674.7310753,-472.0598926,-785.7621559
99,-159.9965431,-875.2140111,-262.4086245,-421.3563586,-1413.915354,-129.5333613,-650.5866283,-1252.155483,-511.4817183,-168.9748932,-160.6877094,-384.7056399,-346.3462234,-600.9496276,-189.1758035,-1315.842992,-166.3567661,-192.0050323,-853.4648172,-542.9838624,-406.6504138,-225.4206509,-393.439986,-559.5247754
100,-190.7463947,-903.9835459,-287.3644772,-172.2989768,-1542.377843,-132.6090346,-1060.676196,-1048.049272,-515.2090304,-269.1454254,-131.1615461,-223.3328998,-1075.298526,-579.0764375,-306.9954939,-1169.002423,-312.39096,-128.581891,-701.7629497,-170.0971198,-752.5820174,-237.1025413,-355.3014293,-1104.350673
101,-180.8144311,-867.9937065,-592.48973,-628.1942807,-1370.359506,-170.0745342,-1091.486557,-1171.721336,-769.6108971,-508.2127357,-192.1202885,-224.2702406,-582.0538633,-699.5701394,-339.8829528,-1292.996344,-268.0050559,-155.116557,-808.6912567,-486.7218156,-603.6233377,-351.0790239,-527.8463713,-720.6689954
102,-250.9636449,-905.7345632,-513.1093161,-310.7158437,-1424.754102,-269.9108697,-892.2604047,-881.7272998,-710.8142511,-759.1192621,-532.3284251,-188.5332126,-291.7323185,-798.2828801,-254.4128037,-1209.493558,-876.0622938,-190.3985348,-765.4252507,-708.3950749,-401.8058388,-592.2735521,-672.1714272,-744.7268627
103,-249.8677977,-896.7922372,-425.479574,-266.8577274,-1477.181185,-94.71894698,-1029.627942,-1148.905248,-1073.631421,-431.1018581,-431.4725086,-564.0401685,-130.2333103,-729.0003873,-309.5567455,-1188.536942,-711.4299079,-127.0865696,-554.6306186,-801.9655866,-227.5450141,-235.471948,-496.7629529,-771.3305381
104,-498.6612067,-1054.13596,-543.7231487,-339.6886396,-1379.16723,-322.0825943,-1015.654103,-930.675994,-715.5219506,-411.0701586,-1060.700791,-526.8426498,-783.2051558,-675.278248,-311.3256912,-969.5311503,-324.1611591,-393.9125878,-724.6708705,-809.5373455,-393.0511153,-191.3062171,-556.8175888,-688.2755053
105,-285.2580926,-1191.301135,-314.9348553,-692.5953893,-1394.763021,-195.6250912,-902.8314364,-906.245041,-674.2541459,-264.0359586,-508.1657323,-253.8173372,-521.1384877,-741.0942429,-245.4218794,-892.2512282,-337.2350282,-313.5274126,-634.9918409,-1222.966827,-268.8094657,-362.9457645,-646.6933677,-778.4108172
106,-960.4093639,-777.813061,-406.4539641,-362.8167861,-1641.979433,-300.0090419,-662.6542022,-905.4514151,-864.464702,-329.5533399,-761.7433602,-366.424464,-480.7186201,-761.1707356,-259.8161746,-753.4480573,-688.6419207,-247.8231001,-597.5873554,-1174.520645,-325.1518624,-166.9962095,-651.4274332,-719.5476874
107,-665.4574151,-1266.912332,-98.78768016,-671.2974425,-1429.720062,-242.1936027,-168.7540297,-909.6400314,-481.1056499,-315.420104,-237.5521001,-248.7187782,-162.7056836,-816.0193472,-253.4183601,-927.8550365,-788.9465772,-129.196136,-204.4876485,-831.8081365,-103.3714109,-305.1695479,-1085.324528,-788.2431143
108,-728.677451,-710.9328133,-130.6284187,-789.1389958,-1567.321547,-233.94153,-448.6943354,-1160.117278,-747.7750645,-375.3698705,-867.9876956,-94.68535945,-188.5164838,-295.5167761,-125.3732515,-461.3742454,-818.4406273,-426.7533069,-36.31937394,-1028.420271,-441.4206464,-195.3989105,-335.1704983,-643.3716239
109,-837.3002849,-1235.51792,-598.8205167,-429.6355216,-1484.848132,-455.2672517,-434.4862202,-1035.213425,-749.2696868,-164.1496218,-329.672308,-492.2007074,-400.4445833,-362.8810856,-441.4689396,-856.1122816,-691.9797762,-224.5166769,-416.2963109,-980.8105114,-741.4995025,-428.6232732,-433.2957582,-723.8549922
110,-664.4691626,-763.468659,-528.6977415,-385.2423569,-1283.69457,-193.9597005,-229.9830773,-1157.359499,-688.9727625,-596.0672696,-188.208459,-329.6514875,-126.6656523,-329.9704046,-185.6424376,-1179.215692,-787.3858249,-195.5736268,-287.2656248,-937.216936,-1020.556483,-306.8507052,-604.6565549,-719.7227669
111,-754.9430908,-1278.318,-307.2751733,-341.2898096,-1521.304308,-326.4076017,-195.7670554,-1102.287022,-287.4547886,-510.8563834,-166.9782071,-409.9840992,-426.2125738,-132.8385861,-322.7083432,-345.5433321,-806.9047666,-346.9331033,-636.9201357,-764.6243676,-1013.482998,-323.8450326,-516.320931,-922.5348178
112,-720.1952554,-1102.74091,-391.5708224,-200.7859439,-1378.238066,-489.429874,-285.6036846,-1212.350818,-614.7567604,-599.4918602,-350.0997918,-260.087345,-544.0379217,-774.6280494,-158.1599504,-208.7249754,-789.4922825,-473.8577232,-767.1071423,-958.4456495,-794.3392656,-195.5681695,-497.7393365,-551.7227831
113,-600.0929761,-1058.319887,-364.268598,-510.499881,-1473.517631,-451.0032129,-162.5240775,-1103.954962,-461.5382487,-1013.129501,-328.4059667,-286.6665461,-223.9216835,-567.9335784,-94.26872588,-270.6539114,-569.69319,-325.2972899,-1024.690639,-900.7433748,-261.4072818,-238.6441491,-261.1853458,-599.1815762
114,-744.6285877,-1232.319084,-924.082662,-655.2040742,-1610.041036,-225.517195,-921.6650582,-1059.106685,-855.796649,-917.2045879,-227.9127917,-248.7712402,-558.4061541,-351.6645608,-419.2988745,-586.0747636,-671.5492223,-373.4451236,-485.1604964,-1076.433658,-169.7732521,-256.8933436,-794.5869373,-636.7476786
115,-616.9143726,-1294.83304,-935.765924,-292.4782335,-1233.033025,-482.793996,-269.0857469,-1254.211984,-1048.967526,-1208.671156,-566.4466011,-197.2723962,-277.4413152,-782.8218387,-230.8671442,-925.6428879,-654.0217359,-193.8282688,-699.2368992,-1178.3373,-543.1793965,-460.2314586,-468.7069763,-706.1988924
116,-532.5822406,-1290.649628,-751.834716,-434.9178708,-1539.086686,-421.5142573,-201.7334177,-1420.136293,-322.9981129,-1263.826955,-378.0065418,-375.5542956,-421.5372878,-787.6607072,-222.6659832,-863.6608711,-277.3232192,-364.0384932,-666.5910438,-1110.709739,-484.9543937,-632.6277939,-413.8480207,-723.9759369
117,-635.7596986,-1267.266683,-724.7077692,-270.5513664,-1153.471766,-337.338099,-243.350236,-1099.725978,-600.405597,-744.4971978,-602.2348512,-465.322315,-275.6928974,-1027.541974,-312.2931874,-741.7335641,-509.7129731,-220.7776472,-272.1279208,-1193.200527,-561.3832425,-163.6112231,-358.6325082,-843.7922789
118,-566.0009233,-1390.057149,-684.3815359,-720.2711457,-1576.481671,-228.8914027,-133.8632752,-1110.884977,-607.3935948,-1054.59579,-649.1181832,-434.9639995,-218.5960364,-696.296625,-154.4360303,-1022.933525,-560.0084417,-226.4976349,-246.401152,-1374.864308,-489.7587333,-257.9410384,-163.8935843,-1143.262096
119,-163.7973843,-1222.679021,-552.634501,-704.294321,-1504.314005,-364.6211551,-303.9940362,-1107.922967,-169.5269712,-847.4812478,-422.3788543,-434.5520704,-255.9470486,-376.5653915,-159.5217023,-965.07133,-184.3171746,-99.20508543,-713.1244518,-1374.206856,-336.7262979,-411.155225,-262.3983831,-1179.912067
120,-257.1872093,-1244.507732,-176.2586436,-660.937806,-1532.069343,-363.5126036,-928.1540572,-1138.228668,-563.5673873,-794.1980422,-799.1481268,-690.7046465,-707.6977823,-711.1068584,-308.600979,-667.3049999,-663.720281,-194.5252211,-474.792352,-1372.986595,-273.9837979,-719.100011,-460.6476397,-933.5780987
121,-196.6848752,-948.8033074,-764.6718441,-385.8159464,-1539.070377,-129.3042321,-963.3052733,-1123.043994,-504.0262025,-464.3243569,-459.0886277,-413.862859,-636.7127328,-997.9459951,-533.213663,-833.9938623,-614.7578461,-890.6210923,-694.1064727,-1320.305718,-238.182046,-685.1198331,-616.2284444,-714.3550212
122,-130.0102952,-1451.243851,-543.3987602,-204.3771839,-1586.198071,-359.542307,-410.400408,-1300.177349,-539.4266411,-657.2046328,-283.2653496,-141.7728851,-733.2750722,-623.2060531,-638.7050592,-999.0299532,-308.4817917,-454.975889,-738.9401091,-1355.812621,-166.8283742,-788.164456,-461.5582554,-667.4978348
123,-232.2691617,-1358.302432,-1054.64072,-563.072837,-1229.409091,-385.4240867,-163.9478202,-1345.533723,-658.3010919,-987.9186234,-529.291741,-197.175949,-509.0057392,-750.9994404,-957.3332257,-1133.497137,-232.8822535,-227.1444113,-687.2615452,-1383.786425,-620.930832,-483.6675549,-257.1694572,-630.4825731
124,-66.64845864,-1063.927865,-868.1781618,-976.3432365,-1618.743709,-329.00674,-536.5381372,-1306.24423,-483.5341985,-369.0907017,-502.425975,-425.1255467,-562.8344058,-461.5168958,-794.0307277,-698.2545551,-497.7263611,-162.3629569,-783.1478878,-1341.292536,-413.4981984,-324.2129528,-96.29669081,-476.3228452
125,-257.3424925,-1329.060214,-951.385481,-915.9046433,-1440.295399,-522.5689335,-99.13816612,-1118.836735,-345.3426011,-235.9605916,-379.0577537,-534.3239297,-571.5202593,-848.3630584,-975.8592925,-1286.864599,-215.2687519,-473.9547566,-824.8514483,-1422.098623,-334.3950566,-618.882465,-303.6028963,-1134.284687
126,-233.3375769,-1360.202998,-680.9594111,-809.2118896,-1398.435294,-280.7107943,-294.5497604,-1346.663375,-259.5242813,-340.919263,-216.6960637,-133.0746758,-1012.728885,-947.2913657,-583.7305793,-721.5808256,-204.2963864,-284.6827576,-966.5238107,-1344.569946,-342.0969376,-581.1636323,-275.9820269,-279.5016856
127,-293.3441294,-1246.919632,-1120.258447,-172.9921415,-1539.930046,-484.8821712,-273.7408967,-1259.821237,-320.5700188,-438.7745583,-159.8923623,-328.9900612,-590.1361948,-746.2112914,-767.9413207,-860.6089197,-233.5096028,-257.1567225,-795.6930712,-1316.837401,-957.3899718,-226.7666469,-186.9930357,-659.8580653
128,-326.7270048,-1456.456063,-1035.682745,-430.103568,-1486.274729,-237.89664,-248.1721456,-1283.010085,-226.056235,-549.3377235,-237.8777541,-165.9466324,-707.8556077,-819.7302536,-719.2856249,-997.2538321,-702.9596493,-666.2272044,-1039.87648,-1349.963337,-137.6418762,-555.6880068,-96.28923907,-675.6835377
129,-232.5729535,-1401.020451,-1067.629105,-166.7411449,-1329.636721,-402.5078686,-139.6042496,-752.7910175,-541.6929935,-766.7826192,-194.5533039,-424.4826389,-187.4828313,-612.3310992,-1344.172011,-274.3146944,-175.0153671,-405.5609005,-925.6817139,-1383.934186,-533.9180963,-629.6745884,-191.6163408,-923.8556435
130,-287.9022718,-1353.058968,-738.8545248,-970.3455762,-1454.210318,-551.5450014,-75.16125885,-803.0430689,-1088.971298,-591.6944314,-225.3645334,-65.82728802,-340.4522388,-689.3090696,-1028.915851,-1199.143791,-269.4554661,-256.5336338,-937.1734287,-1388.544194,-597.3978412,-190.8196379,-96.3185267,-785.917988
131,-459.9955773,-1391.804735,-736.5063643,-665.6895721,-1561.977529,-427.0610533,-372.1511669,-921.9652837,-363.0540311,-559.1354996,-271.1313653,-164.8082642,-537.3780325,-220.9097934,-1142.323497,-1077.19102,-504.3161737,-417.0509507,-937.5492186,-1432.004652,-229.1641447,-959.8884381,-222.3472335,-324.8157104
132,-390.8308723,-1448.629756,-973.6605031,-565.8946278,-1320.916411,-272.6729209,-308.2658958,-360.9271203,-890.695159,-401.1415884,-158.7230494,-339.6560578,-370.6106825,-345.952373,-403.4448888,-1265.622012,-207.3658583,-391.4015667,-945.9753332,-1443.349503,-697.246369,-798.0706595,-156.0566654,-780.9438409
133,-363.0945525,-937.8221443,-848.5805603,-430.5005702,-1172.922804,-163.5924987,-581.2818862,-1107.187363,-951.2745537,-1029.684177,-231.943739,-706.1001287,-64.88923948,-505.4326885,-857.5795951,-731.3355538,-682.2911835,-220.7788771,-882.3313379,-1378.863058,-347.2944604,-822.2164877,-258.8103134,-395.4586417
134,-128.9772381,-1062.953086,-654.2022467,-752.856583,-1368.345749,-256.8068567,-641.5541158,-967.2078828,-713.1243881,-198.1620465,-550.1246397,-262.0830884,-340.8145548,-580.6743075,-1193.108874,-916.8594811,-206.847599,-189.5398738,-895.0552506,-1377.747398,-239.653836,-720.7988255,-585.2185828,-629.2182099
135,-467.5812547,-740.5465106,-541.6899696,-882.9040104,-1093.54714,-329.9426128,-1046.809491,-982.5392516,-697.4575738,-332.9475318,-229.3233319,-229.546916,-454.9429263,-519.2485665,-267.657907,-799.8530372,-465.8320478,-254.4347897,-850.8399575,-1289.360003,-306.3762077,-659.0660997,-1195.391739,-962.9358785
136,-724.2501583,-665.7378411,-692.5853102,-308.3954223,-1375.299154,-206.1468144,-1213.908948,-1142.678569,-618.2879351,-561.1128766,-538.3594606,-166.9884546,-374.8851281,-534.2489528,-266.6226713,-781.6366377,-183.9915299,-342.3947251,-831.7679455,-1324.775649,-166.39997,-842.1585007,-598.7126255,-1222.931113
137,-899.7367771,-850.5151286,-1077.776258,-469.4483956,-1463.001052,-227.5703977,-1277.391192,-1125.586255,-935.3437197,-616.5761225,-387.6576903,-133.4850224,-350.5229977,-1242.139942,-643.3149457,-934.2264704,-596.5746514,-394.1797252,-943.3098283,-1352.313206,-518.8881029,-1297.386846,-138.527681,-938.7648405
138,-637.4416523,-791.2902987,-423.4234936,-257.4411064,-1551.749386,-1082.186541,-431.1688323,-981.0798517,-339.6515683,-644.9849454,-297.8434874,-65.8775109,-357.1483921,-1032.134069,-277.6065291,-1177.484204,-204.6168847,-415.5404334,-947.4114414,-1210.343797,-261.9792057,-395.5165165,-512.9685071,-1197.171974
139,-435.8876086,-1349.161028,-589.2497005,-273.9122388,-1380.117011,-204.8840105,-729.4244288,-1252.484351,-613.0812712,-523.2058764,-266.3455387,-202.2412301,-356.3010934,-742.1641308,-278.7234161,-984.0115324,-171.9031005,-380.9476616,-839.6805003,-748.0232458,-366.7589789,-1375.130204,-199.0906628,-661.5286137
140,-398.2018892,-1185.471999,-751.7735318,-288.8665761,-1482.658222,-311.3736703,-471.2676083,-1134.452132,-654.086136,-824.4130284,-129.5596701,-326.3549932,-262.6566045,-476.6538085,-643.675628,-1028.406317,-561.6792497,-255.20918,-840.5525371,-601.6055609,-566.9959965,-1344.039029,-128.173187,-891.8710033
141,-258.6237962,-1138.28177,-555.1636342,-803.710963,-1357.815368,-325.924322,-163.0055285,-1046.145995,-473.6733948,-727.947882,-196.0553265,-398.1590173,-495.6085833,-685.8243642,-1095.868662,-1163.135747,-929.988221,-703.3558053,-846.5910891,-1052.70599,-678.0728337,-1524.763492,-184.2820043,-999.002034
142,-597.3157673,-1132.468687,-1312.217465,-790.3902745,-1316.966991,-398.5933959,-362.8476498,-1145.503374,-475.4331742,-556.3820892,-233.823904,-268.3275504,-62.36381192,-306.6196448,-152.8258838,-591.3897246,-598.26028,-406.1573026,-1023.180242,-674.3655323,-466.884161,-1521.32471,-240.4875233,-999.4635969
143,-689.7725898,-1149.625794,-430.08213,-793.4870228,-1384.002726,-685.4858225,-514.3989143,-1102.229295,-515.153285,-977.4204855,-229.181667,-266.0291667,-222.5084606,-260.2077251,-1107.86752,-975.0077001,-303.3581181,-509.6436348,-945.4373585,-700.8293283,-173.8383197,-1517.466893,-569.5713094,-1090.292958
144,-156.0952118,-1006.6866,-863.6436801,-717.0321553,-1504.148742,-505.1685917,-732.4186036,-1197.673577,-506.9972469,-1060.116704,-545.7236408,-163.333413,-555.9687564,-340.6296217,-1128.130138,-312.3614817,-335.4215089,-953.4976011,-878.7060131,-1178.619842,-680.1733076,-782.7206631,-261.0704053,-1020.127936
145,-746.9172027,-1450.288527,-967.7744648,-542.7308288,-1424.215186,-727.1407556,-364.9691185,-1132.383858,-604.5607405,-948.0587892,-340.5323802,-903.378618,-775.0839689,-231.7635997,-809.0656615,-1097.203249,-70.46242572,-1276.712947,-895.7265405,-1031.197,-571.4291559,-1177.291981,-309.3651352,-1172.989475
146,-623.6807374,-1052.02973,-1325.469525,-356.8350857,-1403.35531,-198.275283,-365.5122183,-1158.560673,-550.4394319,-169.5552956,-543.6918491,-303.5260056,-421.5192974,-451.2007964,-691.1515941,-878.9100602,-673.0461703,-1196.470905,-882.8328394,-1071.430854,-234.7573952,-983.7929804,-195.9033629,-869.1053793
147,-779.3006998,-996.3404308,-574.8924544,-750.5039489,-1187.87146,-193.0209368,-144.9704501,-1282.889032,-759.9197491,-227.3969423,-777.2640025,-198.2631813,-257.2064889,-266.0878,-1219.223865,-788.6677497,-373.4247867,-1056.202992,-1012.742695,-933.7484006,-65.43039147,-516.3939554,-258.2037433,-892.2044851
148,-299.7511899,-1112.20246,-1027.566633,-468.8676588,-1334.081366,-259.6056646,-102.7328197,-1228.080972,-718.5091172,-430.5249984,-699.772162,-238.3148627,-227.2292085,-451.9855178,-778.2036932,-1131.936078,-449.7929544,-803.2202068,-742.1598899,-682.3599996,-313.6716789,-1501.129307,-129.2704806,-459.753279
149,-257.2374788,-1007.374651,-568.2957269,-428.1984661,-1422.113162,-195.5673895,-220.1305722,-1237.582371,-573.3016597,-263.172568,-459.1209076,-173.4057029,-626.428507,-400.9440477,-583.0508729,-1425.918924,-443.4900884,-725.0698312,-881.7332895,-957.3141226,-133.9618692,-1108.417074,-164.7062666,-291.7025773
150,-228.3856148,-1105.584493,-818.589307,-692.1158326,-1390.258313,-433.8732029,-440.6562292,-1296.214701,-541.2318358,-684.7827947,-586.9271139,-225.4478164,-507.2529098,-277.1756708,-636.2927134,-1259.801083,-662.4163135,-649.4245295,-920.3465821,-1008.111223,-391.4921026,-909.5060909,-227.2386015,-507.9675697
151,-212.3256626,-971.418503,-237.6363031,-828.2451681,-1438.281919,-405.1834739,-253.8904479,-1228.17714,-1126.424754,-546.5567435,-445.9407732,-269.3759052,-511.7972619,-286.6988416,-675.4427421,-1350.33655,-807.7793135,-904.6691387,-734.9843663,-1368.701031,-532.3472319,-325.1092721,-250.6287357,-212.1580348
152,-451.9442819,-1247.840983,-1019.785846,-233.414546,-1394.986429,-239.1889454,-360.4265415,-1339.501714,-553.271472,-204.9839765,-683.6834282,-271.7652263,-247.0093896,-351.1924219,-444.8157945,-1317.66314,-366.8535357,-702.7932219,-984.4056925,-1177.675003,-143.6819784,-262.5293633,-126.5633051,-814.9124245
153,-127.3190145,-1037.803345,-1221.528453,-766.1190065,-1513.840641,-568.7615852,-553.0045201,-1350.866062,-1097.480327,-185.4950799,-518.7957025,-194.8810018,-186.3138571,-204.6937427,-242.9522087,-1288.943126,-1093.467241,-344.9708249,-657.2987685,-879.0290985,-269.9803327,-201.1848937,-65.37233503,-532.143914
154,-220.7490756,-1054.011831,-1149.921991,-822.4063346,-1295.159735,-62.96870383,-198.3782714,-1353.694063,-320.8051954,-208.4385972,-447.3719522,-552.5926932,-230.6121912,-327.9864887,-483.7958835,-1309.039513,-599.0346748,-230.2085767,-814.9937151,-1279.219743,-306.6711785,-350.395229,-191.9115303,-921.0708645
155,-194.8114745,-1166.48141,-665.1927036,-396.3677466,-1442.233257,-383.0775632,-692.1860199,-1487.197625,-551.4307705,-451.9620889,-542.7827734,-199.7193114,-359.8526806,-97.92363113,-93.44956803,-1476.145484,-255.0533385,-357.2587586,-440.7290974,-1023.134795,-220.0205557,-295.8486436,-192.8470344,-178.4342557
156,-126.7716644,-909.0334731,-949.7540026,-708.6323564,-1273.111307,-234.9673857,-817.6144855,-1468.81244,-340.5660796,-355.3113834,-561.4182455,-228.6231951,-256.2118685,-304.1602776,-252.7491807,-1228.347631,-952.767202,-420.4837578,-1049.247837,-1040.970136,-167.8807499,-210.0206508,-1061.806759,-580.2818422
157,-129.643241,-701.1403939,-604.4811143,-758.8108848,-1206.662141,-239.3456412,-405.1841252,-1384.074748,-393.0894394,-560.3737675,-1009.089449,-240.2223254,-197.5434169,-165.767075,-307.455879,-1188.054781,-836.7196684,-659.8778691,-977.3435274,-873.4864639,-238.3966283,-175.5394788,-1302.626091,-679.3303538
158,-227.7741935,-1072.627941,-181.0048878,-780.669318,-1426.489623,-389.632716,-982.8373224,-1494.453314,-749.9653921,-1089.569335,-1184.906256,-194.1215581,-292.0084273,-259.0569744,-125.9523873,-1141.748428,-724.590574,-336.6000914,-986.4863759,-895.316197,-334.1052668,-237.4966098,-1232.872558,-700.5241561
159,-159.8197979,-1232.510508,-1141.447594,-517.1837891,-1331.820719,-371.6530103,-515.5949447,-1455.353475,-432.8046915,-232.5544489,-1205.93614,-322.2501343,-928.0905387,-283.8265783,-221.5463511,-1048.346903,-664.5572905,-355.5641128,-740.1019935,-472.6498507,-299.1139379,-134.3064698,-483.0144517,-651.4880095
160,-358.7125829,-989.9333791,-654.4050685,-363.7331608,-1549.163478,-405.1641508,-356.2889767,-1328.04642,-851.5062231,-482.1242204,-1102.90991,-333.708074,-213.1336082,-202.9090096,-488.5256544,-306.1258667,-760.8422272,-393.791191,-680.1327177,-780.7255217,-622.6525814,-262.5241618,-929.1520369,-178.5944053
161,-423.3494081,-1114.394127,-405.3349005,-585.0447464,-1277.645024,-471.335879,-1152.260261,-1527.565234,-850.2399368,-239.9809351,-231.2191279,-465.5718363,-374.0432649,-297.2165823,-557.9804691,-865.3195069,-577.0854477,-389.3338567,-759.7301206,-814.5244408,-617.9985901,-301.7947621,-458.9872122,-613.9776343
162,-186.6420248,-1138.698209,-1228.538308,-171.9268912,-1429.758432,-328.3808136,-702.83632,-1508.216707,-562.27925,-294.9441351,-221.3176335,-423.2266273,-496.316948,-97.0578909,-356.8065404,-1352.025833,-788.7373597,-249.8174338,-437.6180817,-314.8328525,-198.4420286,-104.0096294,-682.4827783,-756.4767467
163,-811.3708365,-912.8160047,-1050.197404,-262.2812868,-1468.714537,-303.1925043,-499.7172797,-1413.819077,-233.0116895,-208.9425375,-208.2861883,-330.7305235,-602.8271345,-166.691573,-455.4509925,-1066.705162,-556.2251629,-488.5201077,-439.7219302,-623.5355734,-333.1465626,-233.4095316,-630.3880061,-1031.081447
164,-160.0941776,-1186.508023,-1134.90016,-558.0968108,-1497.521467,-335.789392,-847.2604274,-1438.811613,-378.4078697,-346.3710503,-207.2810002,-662.79409,-319.5293041,-204.9824401,-158.6493245,-921.6725089,-918.7019404,-129.3621162,-1121.964843,-202.7084782,-238.2816807,-201.7452413,-189.5640291,-602.8514411
165,-217.8799221,-1301.249862,-1020.266046,-468.5901899,-1489.628447,-352.0828594,-888.2506467,-1475.989143,-388.5501973,-161.5912119,-195.3863229,-807.1227225,-393.6215328,-267.699194,-98.00130788,-1027.975717,-939.3120741,-258.2108907,-674.9319962,-344.0579787,-202.2596695,-108.0871031,-259.9346612,-204.098878
166,-561.1420226,-1137.3588,-989.1792148,-545.5942619,-1368.98404,-426.8368549,-868.8816513,-1494.69468,-425.5903381,-368.8622345,-99.34431406,-675.4947326,-435.0209551,-199.1412854,-187.0444645,-965.1313989,-678.6632486,-226.640506,-780.1179303,-134.103278,-235.1840648,-249.4866032,-595.1722446,-1137.40033
167,-417.7272258,-1185.064991,-748.887279,-872.194662,-1412.885957,-341.6711125,-749.3582765,-1497.373843,-486.3669409,-331.7103149,-228.4621297,-422.9536136,-288.4937577,-95.28895136,-222.1131082,-1294.275049,-350.6689608,-489.5325872,-762.5097501,-205.205816,-306.1123439,-488.6775659,-195.3687182,-1260.614504
168,-251.9372102,-1188.396872,-858.9129737,-685.7149429,-1449.456942,-444.9139314,-536.8504606,-1490.960967,-406.3712714,-165.6630793,-358.6725633,-448.0512118,-132.0656468,-132.7289893,-252.1600277,-1214.943534,-171.2109975,-474.3305433,-707.6370743,-426.9600863,-473.2876734,-246.1813117,-201.3793798,-1299.244031
169,-99.74270187,-1225.810789,-1215.08939,-799.4043765,-1309.47598,-202.6600968,-838.7991843,-1330.154254,-489.2097979,-337.3427953,-196.6741517,-305.8900222,-840.4400927,-117.8427377,-191.6628606,-944.0971041,-728.7543476,-284.050572,-996.3435645,-589.8992926,-310.6852127,-309.656526,-281.3800149,-1385.668531
170,-246.8424853,-1276.144001,-1301.934839,-771.0531555,-1565.26072,-393.3642816,-720.0235177,-1437.471686,-1081.0308,-238.3220859,-136.7867727,-230.8403835,-575.1453545,-71.04096654,-467.1106051,-1119.481483,-131.4288475,-360.19589,-758.6806998,-441.2231627,-164.8335442,-313.6708861,-487.156212,-1355.363003
171,-516.3024491,-1393.299539,-871.7650772,-795.239709,-1450.887504,-239.9121498,-367.8536285,-1361.250221,-1148.472105,-161.3432697,-99.47402394,-296.5010561,-658.5278228,-346.5329489,-193.3910399,-1068.539363,-530.2149608,-398.701469,-273.0092479,-458.7366771,-297.1339027,-212.6460931,-331.2465889,-1301.500951
172,-195.6956647,-1159.861567,-807.4491349,-777.9040766,-1301.202139,-524.7669996,-308.7812568,-1467.138255,-824.6545895,-433.7823328,-288.8551043,-658.8877556,-537.4919706,-396.4074129,-263.5604274,-1051.259229,-196.9261209,-751.4104416,-818.7342049,-844.0811335,-772.9707809,-354.3877958,-215.8044711,-1253.480311
173,-203.6655623,-1287.028872,-1179.079115,-1276.975609,-1526.723933,-509.9877159,-482.6701151,-1351.134192,-597.1116293,-404.7528354,-412.8258168,-295.9497601,-320.7866225,-179.2315534,-180.9311625,-1334.776889,-298.6161895,-566.1725668,-1123.88861,-561.5370162,-372.2455617,-308.9909688,-190.1394509,-1158.894857
174,-119.8235475,-1297.392739,-1072.977892,-1009.645592,-1443.776467,-478.8464823,-617.9444872,-1366.265568,-909.6454335,-926.4176977,-479.4597815,-449.903909,-192.2968985,-752.7945479,-285.8857577,-1327.742785,-268.3395469,-230.3019109,-1075.845797,-563.9852575,-234.6826695,-238.1086398,-315.1833378,-235.9130107
175,-576.4988205,-885.9928576,-528.5059705,-1019.909572,-1574.568817,-371.9772109,-855.4987192,-1373.537235,-730.3305635,-766.8155606,-599.010867,-359.0162521,-370.4877234,-402.9363733,-221.2018905,-1297.299293,-431.2614577,-725.3481495,-1097.07601,-1062.100697,-589.7771862,-236.3431203,-167.2423333,-687.8323804
176,-576.2045102,-1230.26031,-1044.753344,-170.0419973,-1541.215637,-168.7027736,-141.9395967,-1431.544866,-700.7155066,-578.9743651,-508.195709,-355.2080002,-396.0622804,-128.5694454,-64.90598894,-1500.237876,-441.9376588,-939.3389051,-1300.557087,-1272.924713,-1055.00957,-556.2554988,-132.682651,-687.9371407
177,-267.9010793,-1306.304754,-1284.178574,-642.6265544,-1452.619521,-302.4016526,-204.9611855,-1470.75147,-986.4709441,-211.2648809,-271.7764104,-264.4344761,-645.9901097,-134.7129414,-461.7398331,-1314.492204,-506.7744994,-1086.855999,-1193.200762,-785.7375163,-642.2926727,-870.5925938,-255.9935194,-905.4285261
178,-217.3035611,-1368.429011,-1256.692219,-646.8525494,-1466.189433,-484.6418725,-389.4251436,-1311.597971,-991.5652669,-415.6584622,-716.8113269,-321.5360134,-978.1152869,-244.3353087,-360.8261139,-1191.159259,-1080.073377,-971.6123526,-1390.738215,-693.9796162,-301.3610168,-1005.105921,-156.5908667,-901.2097887
179,-284.011342,-1170.7085,-585.1729253,-424.4942189,-1603.467345,-408.2410633,-138.1108168,-1235.463779,-101.4962435,-196.9088598,-135.2127013,-97.36527414,-610.4064272,-131.8707817,-495.573541,-1183.195772,-1344.343232,-755.6040757,-1395.052694,-849.8395838,-174.5813911,-375.7545842,-260.77206,-1228.224415
180,-157.9370138,-1341.648058,-1052.593499,-793.847119,-1482.435596,-535.2444227,-1025.924273,-1245.822131,-751.9321099,-237.2069002,-376.7751973,-296.6078498,-926.3597677,-193.6685562,-365.5085136,-1182.943588,-1306.3647,-747.8282932,-1164.827266,-952.9769077,-213.0139992,-628.8156431,-262.2949498,-858.8001349
181,-179.1070615,-1181.139563,-945.0489269,-1050.110533,-1321.737157,-446.3060414,-763.1367394,-1079.64555,-488.4816257,-447.7640486,-317.853175,-247.6600384,-819.0348542,-166.2706986,-487.3516384,-1316.513966,-269.943754,-295.2433987,-1437.07044,-242.065032,-134.9255506,-808.6356774,-324.1073594,-938.683819
182,-159.5390259,-1429.775126,-1125.693513,-1281.507694,-1436.409235,-332.2437398,-1145.432501,-1216.799138,-1278.713109,-395.8047034,-325.525124,-227.4767658,-775.5343519,-299.7982071,-188.9384651,-1252.293939,-327.6400039,-338.2436847,-400.5567133,-873.2250308,-134.5323192,-603.1501795,-363.0803176,-1208.785776
183,-190.7426618,-1339.237261,-291.2532013,-564.8848537,-1442.222582,-266.668999,-1143.622391,-1177.785358,-974.9131987,-312.8550235,-265.4738435,-315.3599824,-400.1311298,-191.3176094,-292.2196518,-1249.667041,-195.0193078,-677.578216,-829.6122744,-750.1540466,-417.2118544,-739.7628914,-359.3386585,-1260.842912
184,-203.493,-1262.595713,-776.9521215,-765.4598269,-1409.651864,-470.7475796,-485.7843397,-1227.862208,-997.8503566,-225.2107191,-303.6287612,-197.4068044,-482.9760709,-135.261276,-402.1227271,-1402.565178,-397.200134,-642.3339369,-1128.278983,-308.2432211,-575.5204796,-961.365117,-330.6187609,-1197.838255
185,-221.7088632,-1415.71365,-800.0851521,-911.2779852,-1528.336267,-621.5741655,-671.5917483,-1177.026377,-830.7206149,-229.9657981,-454.9164788,-369.7359103,-633.4483684,-163.3698006,-608.333015,-1418.334703,-417.7991256,-561.0300638,-712.0187854,-342.665821,-405.7654604,-477.382087,-322.7135273,-854.1800512
186,-252.5467377,-1272.16769,-358.7836938,-879.7551891,-1470.144775,-472.215532,-1087.862751,-1352.839994,-874.5375368,-245.1200486,-407.9782149,-313.2109041,-658.6869492,-250.7073791,-520.3866495,-1233.172074,-268.6727284,-282.9388213,-1126.719744,-535.0706426,-571.2324282,-165.0769846,-324.0757104,-1081.94546
187,-244.4619678,-1287.088692,-1120.02942,-1197.943294,-1557.821026,-134.1118525,-310.8605857,-1161.881603,-1042.902857,-660.0077045,-384.1383945,-313.4714657,-161.473033,-309.0482804,-536.4100773,-1077.541259,-687.9752358,-449.4096902,-1362.469934,-363.1774344,-251.2791308,-265.2727159,-523.7489123,-563.2763491
188,-127.6209471,-1345.141861,-1197.109011,-381.89852,-1458.859656,-546.8708067,-582.2325993,-1423.043986,-690.0141651,-697.5526005,-306.728585,-532.102269,-323.2604699,-297.6614085,-494.5948029,-1306.357934,-724.2065986,-263.3748335,-1418.625623,-352.3429377,-442.4204187,-548.0684814,-468.8259816,-386.6210259
189,-126.4109021,-1218.638099,-473.3755826,-535.5963784,-1358.265971,-368.5298576,-581.1623215,-1210.059458,-1080.803419,-191.7046855,-353.1822286,-264.191154,-445.2624469,-525.8079828,-599.975248,-1324.177216,-1429.575841,-506.0351415,-1494.540312,-1204.363327,-492.4886927,-695.0231656,-525.3291968,-213.7574754
190,-157.7366104,-1265.67369,-1087.071689,-591.8352775,-1416.074897,-380.9928251,-245.8838686,-1293.600868,-568.9354679,-429.5652178,-418.4869011,-520.7915805,-620.2240666,-535.909603,-165.7889706,-1309.8947,-1173.564089,-404.195915,-1384.591607,-917.8219265,-605.6196909,-201.7125842,-497.3124038,-614.8913968
191,-182.773769,-1252.151748,-1114.229483,-611.4863859,-1468.678713,-338.7685796,-381.3876707,-1341.907933,-534.6587151,-360.412518,-242.3441227,-368.1681332,-218.527531,-203.6826365,-431.5162448,-1181.121987,-1051.794489,-654.2536348,-1328.26892,-726.401315,-649.5123511,-688.6900141,-554.3486452,-597.2394379
192,-219.9734887,-792.1975964,-967.4073997,-1027.511773,-1350.461282,-374.3133993,-508.200322,-1255.576129,-478.5475374,-200.0749448,-245.4397892,-587.8646488,-228.5429153,-538.2194948,-226.8729745,-1383.02646,-845.7974967,-843.36675,-1305.286863,-615.9349586,-689.9173188,-688.6695381,-484.2819243,-711.0897264
193,-126.9189047,-861.8007462,-1154.706994,-744.0041179,-1449.267138,-620.0059181,-421.5954095,-1391.598818,-861.7407398,-497.062706,-244.7517933,-939.404306,-196.6219899,-739.9883951,-330.3917718,-1252.382824,-621.7986791,-604.8964188,-1492.752778,-315.8110155,-203.8560601,-464.9342873,-264.3516562,-728.9397911
194,-254.2712856,-1064.568426,-1144.600391,-978.7655621,-1218.032048,-594.8080954,-240.4134407,-1217.520426,-536.4079958,-324.4742492,-333.0446349,-495.2322755,-292.7017813,-615.0096791,-302.593851,-1166.03554,-583.4023034,-635.1584911,-1413.453392,-1339.48886,-367.4219628,-571.0633824,-526.182988,-663.1200195
195,-290.5413943,-1184.463131,-867.572372,-1007.748918,-1492.808505,-947.4434496,-624.0748634,-1115.370551,-1098.594891,-502.0873558,-237.4168903,-578.7204795,-711.2525877,-569.9579146,-232.5972794,-1199.585274,-566.4932093,-268.0892853,-1398.596409,-408.2382356,-270.9883218,-400.1385643,-410.7397683,-615.6764886
196,-243.0410992,-900.7514634,-548.1470325,-788.5076867,-1613.595763,-987.9094024,-239.8599516,-1178.762668,-802.545476,-521.9476636,-135.2377037,-546.6491517,-194.6963697,-338.9826412,-272.1168142,-1404.967885,-785.5339328,-133.2034697,-1400.440555,-641.9142296,-398.8206796,-318.6723555,-455.1322599,-311.6018508
197,-225.1187172,-979.9815467,-417.03854,-1124.381939,-1387.510575,-521.8657633,-273.227846,-1232.711374,-495.4352384,-542.3871577,-101.3719709,-832.146632,-197.3155694,-309.817745,-332.1105073,-1018.284579,-702.653685,-161.323423,-1469.474696,-778.9049002,-439.8564315,-243.6307435,-577.5631665,-662.9849158
198,-396.7815408,-1140.903833,-1099.280305,-1146.974602,-1155.935562,-879.7133928,-547.7862002,-1028.55555,-764.6223693,-555.9910026,-234.986331,-731.8545704,-195.4435817,-207.8600845,-435.3018795,-1182.614145,-755.2678266,-230.0065452,-1331.297355,-470.9566952,-278.276861,-375.6779444,-200.8658479,-275.8543676
199,-172.7101803,-1037.845344,-815.9659049,-380.0500854,-1383.453429,-659.8416834,-653.9350852,-1211.489036,-847.8997454,-231.4649805,-517.8569127,-709.4401976,-375.8470642,-272.1094081,-646.1444447,-1281.085027,-1246.604447,-135.7986396,-1384.137425,-582.3262943,-625.4787361,-298.1045838,-665.6141355,-582.6945824
200,-296.2390763,-1236.74973,-866.5696304,-716.2321745,-1393.09931,-403.9280873,-573.1058763,-1137.200293,-1140.762063,-330.956782,-500.2571331,-929.3996646,-217.2080561,-308.6781098,-643.3252692,-1278.36291,-887.2618812,-609.6715185,-1475.118877,-519.9222726,-734.0345253,-296.6798502,-957.7458367,-554.301771
201,-261.3757963,-851.1967671,-855.2793838,-459.4732904,-1587.209685,-953.8783579,-884.699924,-1180.359195,-280.3889857,-639.8421629,-70.65096693,-674.6921589,-363.6069178,-203.1407535,-885.1289157,-1214.323427,-883.9697145,-521.9097476,-1382.14452,-670.4656591,-779.9817587,-469.1157604,-505.2505597,-536.2433878
202,-290.6891138,-1253.304718,-936.7645045,-694.3113535,-1396.00698,-104.1920004,-977.8272344,-1173.288975,-574.4731337,-457.9253326,-141.1960889,-414.7636641,-97.9117756,-236.9045422,-451.9815953,-1211.471121,-1327.346831,-645.9603642,-1416.104672,-786.8033132,-646.897931,-239.067391,-600.0745726,-591.1636161
203,-262.4384873,-1306.806711,-995.715608,-984.1276139,-1328.123581,-598.3787246,-1106.846626,-1265.244168,-558.4610436,-359.3724201,-253.9893725,-378.0026427,-97.73406589,-106.7867198,-326.5490546,-1345.790768,-911.005532,-520.6578874,-1208.250911,-577.0911566,-1058.366005,-99.51437341,-584.5112706,-779.5236561
204,-169.0887107,-1363.451965,-356.0058061,-902.5832486,-1145.78719,-671.8284333,-1162.637889,-1091.689538,-469.995414,-457.567276,-204.8855553,-484.3339333,-308.4418438,-98.30010699,-796.5305977,-1201.641576,-1316.692847,-233.0009539,-1110.928266,-1050.156036,-583.8656433,-833.5065093,-397.3238065,-601.6274969
205,-170.5186855,-1422.62878,-1011.226199,-1053.875237,-1507.159795,-166.4502503,-741.7305658,-1165.832695,-383.2699461,-504.9965082,-534.7967054,-555.9124568,-131.0848882,-193.6729218,-415.900223,-1317.044208,-732.2858295,-294.2728179,-1420.067833,-1164.68686,-944.2429247,-327.6865911,-633.2235644,-488.9222391
206,-257.8136443,-1088.93789,-1281.746365,-742.9753278,-1528.586285,-511.4033862,-170.9402768,-1156.586775,-631.9770019,-669.9343686,-256.2919484,-234.8961428,-131.6995055,-158.7345223,-445.3046919,-1223.826851,-789.4656513,-130.8592048,-1458.221663,-1168.376906,-344.9640549,-627.9434698,-240.1123177,-644.7236827
207,-410.2210878,-1153.816704,-801.5159729,-622.1297985,-1412.787858,-685.0617193,-877.136582,-1057.053682,-1087.48739,-636.6705766,-264.3328568,-976.8311178,-585.572539,-285.7622353,-462.1005603,-1302.653248,-672.9018551,-172.1690546,-1303.918893,-959.8992555,-809.0800498,-371.1474756,-234.3726687,-1206.920896
208,-378.4830226,-1337.911559,-1120.834943,-751.4429379,-1493.738105,-541.640321,-577.8176585,-1171.928395,-204.48119,-501.7309721,-741.8638679,-454.376808,-810.1904025,-140.3445011,-287.7563646,-1425.284497,-715.89407,-266.4792362,-1421.372639,-1042.942349,-494.5789874,-197.1416505,-331.4445147,-795.3482778
209,-263.3883139,-1323.688512,-990.426176,-1139.411604,-1493.138242,-474.4536926,-1031.080254,-1162.055105,-762.0912595,-477.8740419,-354.4030133,-750.3515734,-652.1122273,-230.726746,-226.3184953,-1426.952912,-979.8656302,-291.1113025,-1285.405328,-1105.407946,-334.8333709,-70.20581777,-396.6895992,-532.3324715
210,-229.197222,-1106.416785,-643.6946217,-868.2932046,-1381.988972,-604.9373801,-990.0611356,-1041.846749,-752.580618,-503.3558625,-326.2300416,-623.077854,-440.1226143,-66.48854389,-663.7593738,-1423.902203,-902.6982697,-308.9048324,-1378.857542,-1014.214789,-486.4848487,-260.9374475,-777.6237293,-564.1241152
211,-139.8382185,-1017.717076,-957.5004055,-1120.802006,-1528.348544,-257.3293338,-833.0258921,-1115.686679,-766.0629917,-575.3505881,-455.9223548,-735.9256902,-1194.869064,-469.1978719,-199.2012227,-1410.032174,-948.8078394,-130.8317947,-1383.850885,-1009.379155,-426.203382,-164.2435995,-568.6694674,-715.4414748
212,-383.3609696,-845.1141104,-948.9058683,-878.8908249,-1406.610655,-163.8851729,-990.8695661,-993.4701442,-1160.060051,-71.65081689,-435.2086627,-914.2365754,-654.1912121,-298.6471947,-317.7289588,-1390.649323,-775.182577,-483.2901702,-1447.52466,-1159.784138,-336.9544427,-99.56830307,-531.7918599,-718.8641516
213,-521.3104378,-921.3816356,-971.2524384,-1098.029779,-1401.863373,-478.3338979,-897.2651811,-1201.574045,-636.5563235,-232.3034062,-406.2430316,-734.5931187,-1236.921865,-363.2742846,-197.3607965,-1404.13134,-936.4601143,-464.8664077,-1430.659594,-952.9179243,-818.8765347,-519.6172537,-272.5835818,-727.5983366
214,-610.8197475,-1184.398636,-713.2729327,-935.3230266,-1295.670127,-534.9824937,-930.3788413,-1103.046731,-532.6493758,-130.9992351,-702.6994752,-767.7549402,-989.3148657,-228.1163344,-281.5432987,-1501.305465,-826.4582769,-373.8736016,-1484.225554,-1111.95375,-709.2192135,-370.91286,-284.5721308,-633.508163
215,-278.8451332,-906.5677671,-1353.657932,-906.9923615,-1377.424702,-846.6530649,-741.607197,-1173.645438,-966.6509491,-554.5875013,-651.8084348,-442.0262246,-807.049864,-66.97072994,-498.5009662,-1454.90121,-781.4079006,-371.8268015,-1592.762645,-807.1777566,-549.5357887,-351.9007336,-585.5452821,-702.1908423
216,-188.6197744,-812.5904969,-1028.252417,-335.948751,-1437.038644,-300.1658574,-628.4386712,-1121.419919,-897.2632106,-252.841735,-550.3170854,-239.785066,-1210.594944,-238.8643304,-236.8206487,-1190.043779,-892.2190391,-450.9036505,-1416.924049,-1072.147951,-500.808344,-472.2701408,-525.6779841,-1114.616216
217,-160.2472852,-1292.670455,-1240.295815,-365.5256648,-1470.659053,-616.5805616,-1054.072781,-992.7198229,-956.1368991,-338.5692041,-603.7539305,-679.3395687,-738.5690671,-227.4676964,-133.2850008,-1454.422734,-851.0973781,-432.7965979,-1356.339407,-1282.91482,-501.1436881,-306.1449965,-749.1084333,-1259.568134
218,-367.7136699,-1479.536427,-1402.729479,-876.9709948,-1410.556614,-887.2659775,-791.741978,-1222.816309,-807.8421708,-249.2728702,-238.4770108,-527.0280472,-389.3632922,-129.2535919,-235.2819064,-1379.824573,-731.0025556,-572.2183185,-1471.839941,-1087.913083,-686.6831542,-501.698965,-568.4110226,-902.4143214
219,-144.7411717,-1293.577985,-1297.733248,-412.0980189,-1396.896339,-709.4629436,-436.1269572,-1086.184163,-548.2579726,-188.2395384,-401.9851605,-448.6175075,-668.0648372,-223.4046221,-170.3519243,-1208.398471,-673.0768625,-237.3443422,-1283.577281,-1033.058414,-625.1919922,-512.5291486,-1105.549752,-1267.295765
220,-1344.162348,-1197.059724,-1320.397276,-850.8134898,-1460.858447,-991.608833,-678.6960306,-1224.786612,-265.0608377,-463.2183323,-373.5922108,-389.2396342,-976.1543929,-191.0592167,-103.3636003,-1307.431058,-402.2357851,-465.6310404,-1454.292636,-1056.176872,-433.2829318,-511.7635324,-469.6541766,-480.9421792
221,-907.8703041,-646.9368222,-737.1643001,-610.2168626,-1370.613384,-886.8978391,-440.2115805,-938.2056801,-417.3481157,-472.2847702,-388.0459311,-559.4860501,-358.0533825,-358.8918724,-34.16115082,-1385.065069,-484.988042,-271.3185679,-1529.264835,-1174.389287,-908.311452,-474.023366,-894.4893967,-886.2934823
222,-291.4004506,-1212.106073,-987.9387486,-907.5473997,-1218.123457,-588.0804846,-557.5805933,-573.4627091,-350.285136,-274.1085554,-286.1932338,-105.7105716,-929.1546306,-218.7590424,-243.1354748,-1381.203251,-680.471592,-273.8231957,-1482.691364,-1161.151388,-589.8348,-347.25502,-702.3331614,-546.7800981
223,-130.6649459,-783.0107483,-658.529987,-1014.294406,-1497.396101,-341.4940625,-844.8156926,-700.6268728,-519.058723,-342.884721,-259.6943912,-646.9889744,-992.7708756,-193.7152467,-166.7975282,-1373.364341,-403.9822379,-204.4156157,-1530.116616,-1248.425419,-649.1733598,-303.5097818,-593.6264002,-656.5205925
224,-267.1441355,-1138.021844,-990.2598067,-1000.470074,-1549.793583,-229.4777145,-473.7266595,-944.6574206,-990.4544278,-235.9776269,-205.1325384,-875.1335372,-1026.283149,-200.9824334,-169.5871192,-1387.940977,-405.5885701,-272.7200756,-1490.682094,-1035.007069,-957.9748103,-245.2541067,-306.8990085,-993.7387408
225,-458.8399682,-1060.095299,-961.2484687,-821.0738696,-1439.931246,-375.0533757,-317.5632267,-312.7511774,-640.4336026,-554.0747638,-205.7984195,-1018.578126,-979.3475319,-166.3142939,-540.1376293,-1240.483224,-657.9952585,-344.7280983,-1500.846153,-1090.615405,-782.0522343,-136.7288366,-439.3069392,-956.885852
226,-161.8827015,-1235.024593,-1081.568183,-824.8706672,-1367.035257,-168.7648175,-561.1816418,-711.4577192,-819.2935095,-408.0604393,-240.1814534,-137.5165965,-1091.136181,-100.2250849,-263.6471516,-1176.119398,-385.5084555,-382.103576,-1519.299261,-1143.465568,-507.2348502,-168.1853078,-305.5549652,-546.7151208
227,-242.0586706,-651.1158748,-586.0886866,-772.7476391,-1404.222457,-754.5861424,-577.8143969,-660.6116066,-652.3775103,-358.9681788,-129.8735633,-289.8602345,-1670.812379,-326.0752864,-300.3882523,-1338.546631,-308.0840001,-272.9813399,-1508.158063,-1179.195089,-554.483189,-411.6508429,-267.8677218,-604.1878933
228,-527.7589525,-1246.998478,-936.4966019,-448.352199,-1620.004364,-975.4687289,-722.2438337,-65.98241761,-609.3258226,-470.5513152,-250.9674391,-235.6943563,-1398.085589,-608.6776977,-165.1560235,-1127.014404,-431.5400895,-545.3273379,-1475.289861,-1224.688107,-454.3850145,-427.9807684,-191.5458673,-873.8065162
229,-683.3742742,-906.1511075,-1247.983438,-836.9567957,-1303.223174,-545.277909,-732.8817628,-1389.499331,-880.7221785,-371.9703257,-67.3376391,-618.6809524,-1046.854594,-235.8660605,-459.6297085,-1222.369304,-385.4444482,-552.1879404,-1466.960647,-1144.883188,-515.0708152,-337.0505117,-137.4191404,-688.8089393
230,-558.497889,-886.5263257,-740.184466,-797.1381889,-1441.910417,-504.378005,-1026.033856,-592.4908005,-1035.89572,-363.2915325,-150.6682697,-391.4059312,-1053.988624,-332.4837874,-191.1632113,-1082.888495,-395.1689471,-439.8488043,-1531.724016,-1133.840604,-431.7126848,-469.1465067,-379.4608267,-1185.710593
231,-100.0280915,-1289.543454,-1129.251633,-426.0578962,-1568.947409,-630.723732,-522.1400082,-820.4898274,-866.9441668,-1095.121687,-400.1299619,-644.4124562,-1086.660445,-657.4139152,-268.1168342,-1147.922473,-295.7737645,-534.3096623,-1564.390514,-1233.353379,-477.2928842,-238.1444211,-235.4053187,-1059.786051
232,-193.1120313,-1337.732709,-876.4757389,-817.3584173,-1349.412082,-307.8745808,-707.6367945,-923.4193073,-491.994226,-901.3789321,-72.01911701,-722.8845649,-1213.036137,-405.8535531,-235.6385472,-1331.86082,-244.5236333,-581.4511764,-1432.40809,-925.5990321,-332.7140274,-608.3407268,-486.0884122,-416.0871925
233,-219.9039796,-1078.363057,-792.6838338,-494.1817079,-1340.546271,-269.359205,-1073.186859,-881.2653528,-849.5254818,-393.2184656,-239.333873,-608.7083814,-1010.439497,-233.2568294,-341.0352884,-1172.106478,-543.9831895,-746.0831107,-1256.979401,-723.1377358,-406.1632744,-597.3544196,-339.7393296,-374.7260534
234,-340.6384802,-1120.010787,-888.3329012,-889.4801777,-1245.645857,-343.0409132,-823.8091106,-1195.996029,-518.9301142,-645.1933813,-486.1651943,-303.9062864,-1176.020446,-365.7778248,-240.1201224,-1345.518287,-569.1955377,-745.0213475,-1275.72484,-977.9903075,-584.5923322,-719.6750921,-369.3900822,-758.8144834
235,-220.9185326,-883.3902771,-823.4439096,-1195.84195,-1231.257076,-417.33088,-1078.531865,-1058.258395,-544.4292028,-710.9040621,-347.0315754,-479.7045392,-1033.745682,-236.4999347,-240.7084506,-1043.880404,-638.8265097,-367.2155598,-1247.174143,-1050.042763,-569.1888711,-705.0427365,-236.9047645,-178.9520875
236,-488.0122693,-1318.793357,-1031.669814,-635.3463356,-1578.116826,-484.7235848,-1008.967485,-944.8470121,-771.0700944,-171.7852322,-305.4421659,-699.1296853,-959.4648373,-303.4003259,-294.9645087,-1114.43541,-944.0432932,-462.6632188,-1487.415502,-877.4039901,-431.0975973,-800.3487955,-339.9286355,-298.1557844
237,-256.1014217,-859.4468038,-801.3114644,-702.2398772,-1541.928902,-243.6867961,-1158.922415,-1134.742254,-432.7693355,-332.4679868,-261.3309203,-453.6037969,-867.1002494,-361.9755733,-911.2541966,-1130.845765,-587.8946139,-488.4881166,-1377.980876,-1008.125771,-292.2291875,-714.1051995,-276.3117293,-598.9406126
238,-608.9966478,-1098.494143,-675.8643894,-559.4996737,-1313.07525,-463.432749,-1114.645456,-741.2797457,-878.0633804,-402.0158271,-268.0818032,-589.4448076,-557.4720197,-259.8168621,-131.0635229,-1272.891577,-744.8024672,-542.4744453,-1393.388727,-815.1349277,-348.636308,-374.3855567,-167.3759822,-280.1710658
239,-535.4025275,-1185.527884,-615.6047262,-506.1889393,-1333.255298,-150.4615492,-818.4428777,-912.263383,-574.6189224,-496.9853084,-221.0473274,-1101.44695,-658.7962317,-229.3570691,-366.1223332,-1203.724272,-682.9899485,-304.8936669,-1338.223763,-744.8713454,-211.302981,-688.0543825,-260.6764282,-517.4802232
240,-215.5923242,-1038.478402,-744.1365767,-871.2963539,-1187.685896,-571.5064484,-363.1072375,-515.3776539,-479.2866402,-471.8427828,-360.695962,-611.3360629,-518.0573517,-160.0341846,-230.7896852,-1203.158824,-988.2716616,-488.3901149,-1492.906455,-1177.555528,-423.9249325,-657.4631212,-239.8030066,-396.8973947
241,-580.2317755,-1255.668662,-394.6743148,-566.5438327,-1508.849965,-685.8200338,-207.6364599,-706.2841311,-549.3115351,-486.490841,-228.0892977,-604.3575261,-415.0279953,-232.7522871,-229.3011998,-1195.449902,-680.5207254,-174.980516,-1220.648909,-604.6470433,-609.9384213,-504.983814,-848.3778824,-103.0678042
242,-96.66802648,-1277.544322,-977.590736,-793.2957233,-1448.997506,-845.8142377,-496.9928887,-486.1744168,-203.5685989,-298.1956813,-272.9535428,-750.4799823,-540.7457072,-264.2334467,-128.7661827,-1256.766384,-939.1808895,-304.4247655,-1464.197546,-1015.811796,-731.564259,-241.5675367,-389.6559648,-197.9092446
243,-157.0532351,-1292.109117,-1446.763856,-696.6224846,-1420.182627,-346.6777079,-351.992139,-619.7209379,-311.7186273,-584.1049413,-227.7198118,-524.3886448,-232.3239472,-227.2756776,-162.8539424,-1214.629016,-570.0360397,-233.373244,-1323.884932,-660.9138887,-693.6758559,-260.7591687,-301.9709985,-242.1351748
244,-293.2357777,-1173.991737,-1143.800815,-549.493492,-1568.858971,-207.2485729,-511.7076774,-493.8912747,-496.9195782,-491.667926,-166.2947404,-202.4103476,-803.4332496,-233.9732705,-132.2660718,-1115.2056,-835.2463151,-498.1033964,-1299.560866,-1131.613772,-471.249287,-311.8579028,-467.6449374,-457.6452845
245,-157.3139657,-999.7136826,-1100.55482,-746.1933588,-1277.508407,-172.448752,-931.0837616,-904.9611096,-795.1284358,-515.2895611,-415.3081563,-349.6772392,-426.7782391,-296.2379662,-261.9086143,-1315.725553,-917.1867068,-306.0186243,-1213.56793,-1162.783897,-274.4503359,-227.8463495,-205.5789015,-365.1219059
246,-334.8906889,-1260.247639,-572.1457887,-589.1704163,-1545.392436,-280.7736822,-1127.008687,-271.4734452,-857.8094997,-610.684682,-167.5945672,-459.6042615,-431.6382194,-99.84759161,-331.7839731,-1116.481678,-583.459003,-947.4696937,-1263.014894,-1321.652876,-403.7819254,-288.9046424,-556.9549968,-261.0179334
247,-215.5285698,-770.2927357,-706.350827,-692.2442108,-1449.656694,-243.1265756,-758.9422542,-402.4021271,-884.4903713,-462.5751349,-276.4523926,-242.539738,-1095.967532,-396.3639429,-195.0592239,-1336.829261,-528.8890613,-622.8941242,-1214.868493,-944.739304,-134.9037014,-194.1874562,-471.2448533,-367.8541036
248,-179.8947562,-1184.30285,-1159.671809,-1099.042181,-1418.068887,-372.1577626,-1049.620947,-1004.582156,-690.3550907,-504.4888531,-266.8487924,-228.8151861,-334.3302901,-231.3234389,-298.6561621,-1311.328761,-364.1309284,-1052.818647,-1374.752646,-923.9542692,-134.1975135,-136.1392523,-448.7140268,-269.7095577
249,-392.3124304,-1021.444001,-530.9898709,-773.1988242,-1461.908174,-139.070812,-825.955865,-684.4502587,-340.8734516,-332.9831068,-422.0145613,-358.0920858,-935.5881765,-232.3195682,-229.4879651,-1156.593878,-498.8449957,-614.6548817,-1323.896618,-793.6871063,-402.0901187,-342.0969735,-649.0497656,-237.5394116
250,-149.4665257,-1070.163267,-123.7817105,-526.1062018,-1393.291328,-247.5869957,-985.9964717,-1503.490625,-963.3672004,-565.2466154,-180.6495139,-499.395701,-713.6039469,-342.6304159,-232.0900763,-854.8344692,-394.4137955,-542.5753834,-1258.864175,-1177.285294,-201.7779506,-538.6000349,-996.537557,-474.5480974
251,-217.4455425,-1228.316712,-1450.837365,-99.89718528,-1648.072441,-421.9187184,-827.0849603,-860.7910417,-817.9822988,-340.9560267,-330.4050232,-212.0129061,-490.5371045,-415.6526137,-234.1185858,-1062.494487,-668.6133471,-877.0053793,-1091.401304,-855.2161394,-420.1744419,-562.3024946,-213.6981799,-189.7241019
252,-401.7682435,-906.2683936,-1477.511357,-741.6433522,-1536.704983,-166.2723088,-812.1541304,-441.3539503,-645.8143212,-309.1391422,-229.9625847,-806.6341761,-426.0564618,-433.0284574,-169.8384659,-1000.196531,-162.6206575,-481.1457347,-1350.405498,-801.1759361,-212.7060667,-556.0638917,-572.1600203,-504.1746627
253,-319.5044703,-1112.721669,-1066.312802,-1028.321577,-1328.864617,-244.2173505,-1235.81339,-1540.781199,-726.9826986,-468.0504893,-102.0574654,-275.5996647,-555.7241503,-323.489993,-98.86894497,-631.3155039,-411.7083426,-374.7692681,-1382.303561,-667.5336442,-460.6256034,-693.7201882,-196.9455815,-266.7175099
254,-276.7894308,-1101.101544,-766.1619044,-1031.735545,-1523.669128,-243.5899048,-1128.678929,-1268.528555,-1165.367616,-232.1195789,-504.2202442,-133.6443812,-432.6132661,-199.3648389,-501.4542894,-630.9506845,-528.9974086,-1079.451516,-1309.974383,-941.2197218,-442.5827948,-528.4749664,-806.7980404,-408.9101583
255,-289.2228248,-1099.91956,-299.1956514,-1152.523879,-1451.375371,-307.6801677,-527.9281093,-539.363554,-306.1243527,-247.0777667,-384.1390413,-429.7054795,-836.6573085,-271.0433097,-199.2855667,-1132.506877,-381.1014381,-289.1969667,-1312.367856,-1397.647288,-631.7838765,-524.69533,-678.8632088,-604.626493
256,-690.1759152,-1403.008993,-941.5237575,-920.8771424,-1448.897218,-526.3616,-740.6918024,-948.1291139,-268.9400554,-194.533475,-241.2611723,-413.4214272,-746.1367121,-236.1078536,-295.0907226,-1073.165205,-465.1122257,-592.6882612,-1316.445165,-1175.330532,-411.3457216,-311.0763275,-714.4315498,-673.9827936
257,-529.5728115,-888.134578,-812.3486945,-618.8771059,-1409.835491,-317.9302209,-737.5896626,-1268.723616,-821.4825271,-135.2079056,-328.9636949,-419.404771,-329.5619662,-555.6647673,-203.1248243,-902.1386759,-361.9895409,-139.8652671,-1441.134117,-1117.240105,-527.7756121,-134.1363414,-926.6114057,-433.7717465
258,-466.4008052,-755.7750294,-998.5514081,-630.1288056,-1347.888839,-590.9214,-1031.974882,-944.3498552,-865.0034589,-287.8362454,-359.902087,-679.5319576,-306.3150693,-267.8072554,-252.2691152,-470.5228324,-437.8278823,-173.2008883,-1374.411085,-668.7198331,-903.3383714,-237.2104738,-420.3460722,-685.4563239
259,-504.9539816,-1198.115849,-678.2318845,-1290.502702,-1333.353642,-335.4810824,-1097.994381,-942.5309326,-1116.268115,-644.5262233,-278.1807491,-320.2463848,-195.8270474,-666.5764313,-397.2290207,-135.1761978,-198.5492073,-927.7229305,-1316.60512,-794.5984422,-657.0649622,-300.7822633,-513.2835341,-674.7303028
260,-236.0164771,-1368.142175,-1086.942862,-1116.97667,-1304.929282,-296.2481305,-1111.753932,-883.716143,-1254.400814,-437.00277,-217.370111,-753.4443792,-267.0750978,-341.2803643,-136.4434712,-272.1407686,-429.9059341,-796.0707158,-1244.767875,-1091.273884,-1062.120845,-103.0276433,-384.4792631,-760.7295895
261,-336.0446823,-1041.207651,-749.6888343,-1106.008024,-1494.875085,-473.4106378,-1271.847831,-597.5582592,-1271.991364,-573.2283628,-411.3409116,-678.7701864,-545.7429722,-312.1340323,-580.8221012,-428.4576862,-467.9748375,-1071.311953,-1299.57959,-1082.346463,-918.5845506,-341.8328145,-1184.349112,-502.045828
262,-478.6364434,-1028.784033,-639.1492684,-1155.89088,-1358.292881,-540.9955348,-1064.662662,-1009.869469,-1339.50178,-543.7515455,-236.632201,-550.9666734,-269.9757293,-488.9900863,-449.5283521,-285.9165114,-307.2325016,-1227.122099,-1473.748452,-1260.747261,-517.5535434,-318.1922951,-761.4096064,-718.8582739
263,-303.3674978,-1071.170496,-1092.520931,-830.6771121,-1624.632788,-531.9559543,-923.7941672,-1130.540032,-724.5080686,-535.611946,-129.8828429,-760.7185673,-133.7275241,-222.9972943,-260.2881177,-722.9458073,-299.1432828,-1049.985574,-1419.420428,-884.1798644,-866.1603147,-203.298883,-695.3655711,-608.9282988
264,-322.4278842,-1252.986445,-809.1842395,-1152.338073,-1436.96397,-436.9788805,-1205.25489,-1026.714652,-1229.476458,-199.7943763,-326.6190682,-178.5691998,-388.7142104,-473.8456963,-427.0672063,-621.6554502,-208.7849529,-1168.434426,-1318.458461,-1336.11095,-886.1777478,-387.7737206,-709.3320713,-934.8491762
265,-375.7861483,-1040.683066,-1090.960376,-1058.221209,-1129.833537,-491.8186418,-904.5516538,-1278.609,-1196.75875,-392.9435164,-209.3596074,-335.0432968,-272.3726333,-301.3200684,-510.0061266,-1161.139039,-321.1123504,-813.9950707,-1385.034579,-1150.144665,-442.2025619,-244.5969008,-566.7049676,-624.0410378
266,-937.6796441,-1310.831942,-1211.199412,-1438.642548,-1648.663368,-583.2123088,-1161.550018,-1379.067456,-1139.146627,-197.6083034,-290.0296128,-240.7682025,-305.4461301,-473.4950346,-647.2595826,-783.0209883,-358.9308179,-1043.53599,-1444.328118,-960.2771267,-615.3676659,-567.8078238,-1142.042942,-541.9058554
267,-1151.160772,-1312.8294,-880.5272445,-1236.094432,-1353.528929,-511.9974948,-903.8014872,-1416.527855,-1283.248574,-236.1646489,-196.2469605,-102.6078247,-470.7848432,-133.1140661,-719.3276204,-973.1313577,-458.7911505,-828.2886619,-1334.924175,-765.9145153,-850.3135083,-525.7185484,-1118.266511,-511.7874638
268,-414.0036202,-1264.915967,-650.6299537,-1385.338598,-1281.32555,-697.9237008,-936.8398222,-893.0084274,-1310.253117,-105.6428434,-135.4682699,-1232.447986,-572.1975961,-571.8619189,-706.6428065,-713.4205463,-134.8991963,-787.8147714,-1311.765843,-1111.265085,-931.5687666,-367.4658716,-891.8679182,-703.6154391
269,-583.3213312,-1266.575246,-881.0548366,-1103.192991,-1444.942444,-408.1320745,-988.6808578,-1382.379669,-924.3806021,-366.237677,-132.6726089,-103.4406214,-554.9400227,-350.0209075,-501.9970405,-1157.068762,-645.2937868,-886.1642217,-1324.163344,-1315.742287,-724.2274497,-328.4139437,-681.481902,-695.4546165
270,-752.6899728,-1394.731022,-1031.04191,-780.999314,-1514.606434,-464.0220409,-1161.284144,-1186.724937,-631.8928579,-209.9850057,-228.2916095,-734.7122023,-672.7948666,-262.7057566,-454.783636,-267.2530842,-264.3179293,-280.7822298,-1532.371546,-1292.57518,-780.3890674,-406.5507883,-665.8850899,-402.3297814
271,-450.7482004,-1413.832395,-1093.469914,-1022.139674,-1372.675069,-620.7565187,-868.795633,-1071.524037,-687.3352248,-199.2548201,-620.8980573,-463.3960295,-629.4491554,-330.6250633,-451.8746901,-1080.303898,-137.5268927,-261.0403976,-1353.851459,-1031.597996,-584.5273058,-601.9575898,-633.2839267,-435.887915
272,-644.6255618,-1224.981283,-875.6002518,-809.2630777,-1466.543725,-166.7827888,-996.1126126,-1131.456296,-517.6495859,-267.7288701,-228.6150845,-727.0512022,-309.6603975,-298.380603,-233.6300997,-600.2433999,-136.232135,-743.2819586,-1392.184232,-1182.064949,-244.8455763,-1140.064728,-512.2417049,-405.0243685
273,-693.5056933,-1233.240509,-1154.403382,-1020.272828,-1284.502245,-243.5550978,-583.45694,-478.2103543,-557.8671022,-166.3761421,-785.1757892,-485.2367065,-306.1447313,-416.7463823,-787.7886108,-744.0773827,-310.0265682,-942.1589024,-1282.064488,-1161.770006,-830.022415,-932.9613394,-474.8587108,-420.5300559
274,-1018.507702,-1274.690106,-1179.359584,-695.2533454,-1550.674957,-345.2597244,-1006.336917,-1132.006341,-1211.639918,-297.5657271,-190.7683785,-752.8413626,-176.8636862,-467.4941329,-458.8243364,-720.7804048,-512.7613802,-953.1176963,-1517.943802,-1115.673259,-629.0327528,-1295.609986,-1081.701395,-142.6770789
275,-318.4802148,-1246.874263,-1240.230049,-943.7804711,-1415.394259,-820.9617611,-918.1516341,-489.480911,-854.0920612,-234.9952,-1136.319616,-921.6126583,-136.0090984,-65.09572825,-937.9032266,-521.3512652,-634.884407,-533.8182935,-1325.7599,-1205.029928,-471.1684465,-437.0210799,-921.942757,-133.0174984
276,-1309.692745,-1451.180708,-1228.111213,-1295.318827,-1375.001928,-244.3675293,-637.0425977,-1188.246508,-1151.993874,-174.2493325,-403.0653063,-1035.621028,-195.7154249,-163.9681916,-809.2850757,-900.845369,-784.9504891,-564.3887918,-1444.849254,-1072.492913,-274.6161129,-1154.26566,-899.1528989,-232.4844212
277,-1162.610694,-1419.796523,-925.0790645,-1400.110649,-1422.995907,-335.1907489,-845.7394439,-1013.732494,-647.0163408,-721.1453709,-137.4473868,-472.2660891,-695.5387236,-270.4147541,-946.3492929,-434.7897775,-853.9460249,-847.4210008,-1419.235228,-781.1925018,-221.1889712,-1175.70855,-1107.707079,-428.234493
278,-328.0899011,-1388.789108,-1187.260393,-809.7576481,-1487.625942,-166.125824,-1078.353082,-903.2622875,-881.9032391,-677.8475583,-210.9109561,-955.8011466,-839.6719281,-196.4154431,-752.6936124,-403.4933155,-792.4138867,-777.8516737,-1326.554147,-1313.272768,-359.4473547,-1403.13719,-1093.425523,-467.9087323
279,-288.5338492,-1267.554318,-863.6577663,-1093.953055,-1342.766699,-492.6736628,-380.7436993,-777.4599214,-864.8928553,-550.2348353,-372.3246956,-1205.221748,-889.8972906,-227.4722323,-1283.922317,-69.74772578,-635.8922707,-777.9892656,-1423.921974,-1150.171137,-73.90763834,-1222.628051,-481.0850965,-202.5865286
280,-438.0678494,-1390.057767,-566.6646299,-886.1852553,-1518.294826,-386.4004264,-1199.076187,-1081.660392,-790.5218951,-396.5833395,-408.414005,-1068.131751,-178.131684,-440.4522547,-834.5371448,-680.0408868,-954.3541323,-818.2729342,-1538.855466,-1389.455708,-474.2201873,-1302.17841,-876.2203458,-339.147349
281,-977.4074111,-1331.690979,-814.3222205,-1282.11657,-1423.90687,-337.3653208,-994.6403629,-1291.248295,-1023.267573,-169.5120909,-828.6620162,-1425.250769,-670.603412,-194.7588514,-559.4822667,-274.9425762,-704.15205,-808.8118189,-1419.53153,-405.4894713,-103.037729,-1107.687846,-814.5762623,-237.1082409
282,-393.3479634,-1418.571513,-754.606984,-1352.457395,-1467.607843,-307.337571,-623.5453634,-595.5737525,-980.2163752,-330.4583941,-1260.029405,-879.976601,-354.5192528,-288.7602549,-672.8315825,-527.2689114,-624.1446868,-943.9190485,-1369.804976,-1123.620289,-138.1205438,-705.6001178,-380.7331333,-241.9387334
283,-311.3017377,-1177.190545,-566.5941097,-1041.538881,-1322.054608,-353.8203755,-855.4439713,-869.3024495,-950.0963495,-271.1048874,-925.8099612,-804.5031246,-676.1614344,-361.9667197,-602.7502447,-1130.176192,-465.4546965,-693.8274313,-1322.34386,-973.9106731,-177.2179398,-1147.319186,-1021.22918,-847.9243851
284,-320.0235662,-1158.230117,-882.8658951,-681.3187234,-1366.349994,-742.2376707,-1208.811984,-840.7781045,-1093.979269,-196.672948,-1323.993461,-588.2464117,-573.0212513,-66.14574192,-167.5951109,-1254.793998,-496.7365162,-1201.157391,-1497.895959,-1303.403867,-727.6456921,-777.4343767,-1015.211738,-333.0626726
285,-256.4102518,-1400.181576,-1294.602895,-1269.340905,-1375.184551,-461.352582,-1411.957086,-1064.944221,-1023.821201,-270.3440297,-1198.377256,-1008.753014,-369.1061481,-261.6810044,-515.6591747,-1079.606934,-389.1337612,-1055.847389,-1590.818009,-1417.963032,-485.0615196,-1152.145737,-1257.475374,-587.7138644
286,-339.3728389,-1079.551841,-1117.532381,-953.287898,-1298.35901,-350.4877473,-1021.905847,-730.1510029,-1201.9873,-582.6735325,-1172.935724,-541.9472548,-257.2730386,-294.2766276,-466.3521924,-1286.31932,-613.7849016,-664.9700745,-1480.679258,-1422.431129,-585.7563426,-1069.129605,-893.1992439,-217.845437
287,-297.3282911,-714.4855063,-1072.216985,-1037.143976,-1504.216203,-227.8888723,-1018.015382,-1521.583536,-933.0397287,-338.7786801,-1107.586113,-693.7055512,-65.34766811,-160.6307878,-646.4048869,-1197.690756,-506.9242373,-763.896481,-1435.491451,-1025.730226,-279.0606039,-805.3664948,-1182.408316,-430.7827356
288,-419.0319223,-777.2880409,-716.9651778,-423.5302845,-1399.393225,-166.9141512,-952.7038216,-940.3451902,-448.1260463,-368.0778243,-1140.261636,-795.4080996,-307.6141344,-261.0385846,-330.3029846,-1198.165757,-259.0018464,-1163.711838,-1505.120208,-1287.481445,-219.3162346,-1062.843898,-966.5399392,-204.7204497
289,-429.520122,-788.505679,-1343.547857,-1016.357016,-1489.789372,-429.3298297,-906.6146612,-1138.493994,-989.5224672,-399.3135648,-1335.649296,-806.7100332,-262.0150348,-383.181036,-229.756613,-1312.926762,-697.8562576,-544.5138978,-1471.139576,-1265.954067,-839.7006591,-1454.597929,-1025.967208,-328.4844313
290,-744.4809924,-724.775235,-910.1702545,-1085.677358,-1423.336744,-105.8250687,-690.4477439,-1245.054816,-560.0775297,-386.6383194,-1032.802298,-852.8517985,-328.0542046,-240.4347086,-372.1950148,-1232.349613,-420.2102378,-1008.835535,-1400.107312,-1216.932108,-576.148936,-1094.549564,-1357.941229,-310.4455959
291,-315.4132248,-880.9327182,-1052.9148,-1364.757195,-1602.670037,-337.098935,-620.8441102,-849.1924028,-706.2718017,-429.0414502,-839.2517451,-415.262781,-134.298712,-395.510515,-271.5971687,-1287.842188,-500.5162289,-719.8083933,-1456.059515,-1366.571413,-465.3207944,-1453.738653,-1378.534659,-236.333258
292,-316.7478443,-1493.445139,-1219.426676,-1414.94055,-1372.188506,-270.7786442,-712.0093237,-583.9512446,-831.7819663,-884.7950601,-1233.096372,-975.4691969,-206.6213901,-295.3747592,-296.7924224,-1241.537536,-526.2621207,-838.5778589,-1481.396657,-1280.754377,-270.0384422,-1178.758693,-648.3547563,-280.1638026
293,-331.0925453,-897.9795541,-1079.443429,-439.2792325,-1286.516535,-137.7412442,-1095.295216,-901.1969218,-328.2078412,-1090.556897,-647.566633,-588.1535696,-98.25467922,-237.033326,-166.491628,-890.1124509,-531.9922677,-641.8547888,-1435.711368,-1347.396195,-236.3975928,-1350.473074,-1062.142184,-336.918297
294,-558.0247818,-1125.487536,-1050.97083,-1040.08647,-1507.340212,-404.4889528,-873.3174353,-1300.732615,-714.0968026,-845.9640276,-946.1362044,-216.7026902,-166.9246765,-291.5063771,-105.106772,-1038.441173,-292.9108218,-504.4999059,-1534.515296,-1336.368926,-206.5954896,-893.5671994,-897.2573167,-650.0641149
295,-399.7261182,-818.8132113,-1286.895003,-1039.858059,-1535.971246,-385.8736329,-1008.55306,-761.0002846,-297.282586,-550.6109958,-913.7067664,-860.5933199,-236.5690666,-390.1431518,-300.9873893,-1045.815564,-138.0099739,-981.1529135,-1529.425132,-1065.273432,-518.3459414,-1488.297859,-920.5190608,-989.7673192
296,-369.5368693,-1016.412118,-724.7243914,-994.3045469,-1461.844268,-383.6427039,-436.6127413,-1227.088031,-849.1749005,-132.7469329,-1225.075003,-795.8653109,-136.013044,-329.3583523,-172.7642298,-1124.801456,-427.39296,-1075.065799,-1465.955806,-1055.871952,-562.4026245,-1191.201306,-1321.028296,-743.4417308
297,-455.5571086,-1374.617873,-1141.761218,-748.1005115,-1441.550708,-523.3423528,-797.627551,-1310.04938,-876.0541066,-200.7241584,-1046.790639,-765.2238879,-237.2533771,-294.6292642,-619.5966023,-824.9648776,-395.1784196,-1241.483918,-1377.51453,-642.7993074,-314.338366,-1138.862007,-716.3838839,-599.9515744
298,-395.7573842,-1395.420986,-608.0585146,-1304.627993,-1497.108073,-391.697636,-1259.507857,-1119.032749,-238.7662065,-271.257592,-549.6902224,-703.7849076,-370.9331015,-365.1187353,-365.3098139,-1061.601647,-453.3986874,-1028.523114,-1493.83589,-1222.794148,-549.4408912,-1141.890284,-1361.838429,-303.2851117
299,-557.7319746,-1127.377995,-334.4667918,-1181.707056,-1586.607886,-301.2223385,-1003.663145,-999.4188294,-662.5197403,-284.9999208,-1000.781326,-682.3799899,-305.6617035,-404.1843179,-247.6201009,-1111.976031,-301.2062217,-861.3967733,-1182.250474,-1337.672581,-568.7787004,-501.585376,-1347.605689,-310.6968015
